child_uri,child_id,parent_uri,parent_id,rel
http://aims.fao.org/aos/agrovoc/c_14477,c_14477,http://aims.fao.org/aos/agrovoc/c_8174,c_8174,skos:broader
http://aims.fao.org/aos/agrovoc/c_9786,c_9786,http://aims.fao.org/aos/agrovoc/c_8174,c_8174,skos:broader
http://aims.fao.org/aos/agrovoc/c_3376,c_3376,http://aims.fao.org/aos/agrovoc/c_8174,c_8174,skos:broader
http://aims.fao.org/aos/agrovoc/c_12151,c_12151,http://aims.fao.org/aos/agrovoc/c_3376,c_3376,skos:broader
http://aims.fao.org/aos/agrovoc/c_779f4094,c_779f4094,http://aims.fao.org/aos/agrovoc/c_12151,c_12151,skos:broader
http://aims.fao.org/aos/agrovoc/c_934c0772,c_934c0772,http://aims.fao.org/aos/agrovoc/c_12151,c_12151,skos:broader
http://aims.fao.org/aos/agrovoc/c_53379b65,c_53379b65,http://aims.fao.org/aos/agrovoc/c_12151,c_12151,skos:broader
http://aims.fao.org/aos/agrovoc/c_10596,c_10596,http://aims.fao.org/aos/agrovoc/c_3376,c_3376,skos:broader
http://aims.fao.org/aos/agrovoc/c_1127,c_1127,http://aims.fao.org/aos/agrovoc/c_3376,c_3376,skos:broader
http://aims.fao.org/aos/agrovoc/c_1173,c_1173,http://aims.fao.org/aos/agrovoc/c_3376,c_3376,skos:broader
http://aims.fao.org/aos/agrovoc/c_4070,c_4070,http://aims.fao.org/aos/agrovoc/c_3376,c_3376,skos:broader
http://aims.fao.org/aos/agrovoc/c_1bd94c09,c_1bd94c09,http://aims.fao.org/aos/agrovoc/c_4070,c_4070,skos:broader
http://aims.fao.org/aos/agrovoc/c_9804,c_9804,http://aims.fao.org/aos/agrovoc/c_3376,c_3376,skos:broader
http://aims.fao.org/aos/agrovoc/c_14508,c_14508,http://aims.fao.org/aos/agrovoc/c_3376,c_3376,skos:broader
http://aims.fao.org/aos/agrovoc/c_15275,c_15275,http://aims.fao.org/aos/agrovoc/c_3376,c_3376,skos:broader
http://aims.fao.org/aos/agrovoc/c_331477,c_331477,http://aims.fao.org/aos/agrovoc/c_3376,c_3376,skos:broader
http://aims.fao.org/aos/agrovoc/c_7303,c_7303,http://aims.fao.org/aos/agrovoc/c_3376,c_3376,skos:broader
http://aims.fao.org/aos/agrovoc/c_b9d885f6,c_b9d885f6,http://aims.fao.org/aos/agrovoc/c_3376,c_3376,skos:broader
http://aims.fao.org/aos/agrovoc/c_c32f344d,c_c32f344d,http://aims.fao.org/aos/agrovoc/c_3376,c_3376,skos:broader
http://aims.fao.org/aos/agrovoc/c_5f3deb25,c_5f3deb25,http://aims.fao.org/aos/agrovoc/c_3376,c_3376,skos:broader
http://aims.fao.org/aos/agrovoc/c_5c9e76bc,c_5c9e76bc,http://aims.fao.org/aos/agrovoc/c_3376,c_3376,skos:broader
http://aims.fao.org/aos/agrovoc/c_3f9d5fa9,c_3f9d5fa9,http://aims.fao.org/aos/agrovoc/c_3376,c_3376,skos:broader
http://aims.fao.org/aos/agrovoc/c_bee45268,c_bee45268,http://aims.fao.org/aos/agrovoc/c_3376,c_3376,skos:broader
http://aims.fao.org/aos/agrovoc/c_d83a24a2,c_d83a24a2,http://aims.fao.org/aos/agrovoc/c_3376,c_3376,skos:broader
http://aims.fao.org/aos/agrovoc/c_7552,c_7552,http://aims.fao.org/aos/agrovoc/c_12332,c_12332,skos:broader
http://aims.fao.org/aos/agrovoc/c_7552,c_7552,http://aims.fao.org/aos/agrovoc/c_8174,c_8174,skos:broader
http://aims.fao.org/aos/agrovoc/c_3129,c_3129,http://aims.fao.org/aos/agrovoc/c_8174,c_8174,skos:broader
http://aims.fao.org/aos/agrovoc/c_7805,c_7805,http://aims.fao.org/aos/agrovoc/c_3129,c_3129,skos:broader
http://aims.fao.org/aos/agrovoc/c_36700,c_36700,http://aims.fao.org/aos/agrovoc/c_7805,c_7805,skos:broader
http://aims.fao.org/aos/agrovoc/c_8998,c_8998,http://aims.fao.org/aos/agrovoc/c_3129,c_3129,skos:broader
http://aims.fao.org/aos/agrovoc/c_12920,c_12920,http://aims.fao.org/aos/agrovoc/c_3129,c_3129,skos:broader
http://aims.fao.org/aos/agrovoc/c_14727,c_14727,http://aims.fao.org/aos/agrovoc/c_3129,c_3129,skos:broader
http://aims.fao.org/aos/agrovoc/c_2006,c_2006,http://aims.fao.org/aos/agrovoc/c_8174,c_8174,skos:broader
http://aims.fao.org/aos/agrovoc/c_10195,c_10195,http://aims.fao.org/aos/agrovoc/c_2006,c_2006,skos:broader
http://aims.fao.org/aos/agrovoc/c_11141,c_11141,http://aims.fao.org/aos/agrovoc/c_10195,c_10195,skos:broader
http://aims.fao.org/aos/agrovoc/c_37735,c_37735,http://aims.fao.org/aos/agrovoc/c_2006,c_2006,skos:broader
http://aims.fao.org/aos/agrovoc/c_8411,c_8411,http://aims.fao.org/aos/agrovoc/c_37735,c_37735,skos:broader
http://aims.fao.org/aos/agrovoc/c_6369,c_6369,http://aims.fao.org/aos/agrovoc/c_37735,c_37735,skos:broader
http://aims.fao.org/aos/agrovoc/c_12414,c_12414,http://aims.fao.org/aos/agrovoc/c_37735,c_37735,skos:broader
http://aims.fao.org/aos/agrovoc/c_35856,c_35856,http://aims.fao.org/aos/agrovoc/c_37735,c_37735,skos:broader
http://aims.fao.org/aos/agrovoc/c_1a58779c,c_1a58779c,http://aims.fao.org/aos/agrovoc/c_37735,c_37735,skos:broader
http://aims.fao.org/aos/agrovoc/c_670,c_670,http://aims.fao.org/aos/agrovoc/c_8174,c_8174,skos:broader
http://aims.fao.org/aos/agrovoc/c_3666,c_3666,http://aims.fao.org/aos/agrovoc/c_8174,c_8174,skos:broader
http://aims.fao.org/aos/agrovoc/c_4988,c_4988,http://aims.fao.org/aos/agrovoc/c_8174,c_8174,skos:broader
http://aims.fao.org/aos/agrovoc/c_8089,c_8089,http://aims.fao.org/aos/agrovoc/c_8174,c_8174,skos:broader
http://aims.fao.org/aos/agrovoc/c_8632,c_8632,http://aims.fao.org/aos/agrovoc/c_8174,c_8174,skos:broader
http://aims.fao.org/aos/agrovoc/c_9631,c_9631,http://aims.fao.org/aos/agrovoc/c_8174,c_8174,skos:broader
http://aims.fao.org/aos/agrovoc/c_9785,c_9785,http://aims.fao.org/aos/agrovoc/c_8174,c_8174,skos:broader
http://aims.fao.org/aos/agrovoc/c_12140,c_12140,http://aims.fao.org/aos/agrovoc/c_8174,c_8174,skos:broader
http://aims.fao.org/aos/agrovoc/c_13177,c_13177,http://aims.fao.org/aos/agrovoc/c_8174,c_8174,skos:broader
http://aims.fao.org/aos/agrovoc/c_10722,c_10722,http://aims.fao.org/aos/agrovoc/c_8174,c_8174,skos:broader
http://aims.fao.org/aos/agrovoc/c_331566,c_331566,http://aims.fao.org/aos/agrovoc/c_8174,c_8174,skos:broader
http://aims.fao.org/aos/agrovoc/c_4098,c_4098,http://aims.fao.org/aos/agrovoc/c_331566,c_331566,skos:broader
http://aims.fao.org/aos/agrovoc/c_f461a9d7,c_f461a9d7,http://aims.fao.org/aos/agrovoc/c_4098,c_4098,skos:broader
http://aims.fao.org/aos/agrovoc/c_04e08adc,c_04e08adc,http://aims.fao.org/aos/agrovoc/c_4098,c_4098,skos:broader
http://aims.fao.org/aos/agrovoc/c_94046467,c_94046467,http://aims.fao.org/aos/agrovoc/c_331566,c_331566,skos:broader
http://aims.fao.org/aos/agrovoc/c_801,c_801,http://aims.fao.org/aos/agrovoc/c_8174,c_8174,skos:broader
http://aims.fao.org/aos/agrovoc/c_6647,c_6647,http://aims.fao.org/aos/agrovoc/c_8174,c_8174,skos:broader
http://aims.fao.org/aos/agrovoc/c_9649,c_9649,http://aims.fao.org/aos/agrovoc/c_6647,c_6647,skos:broader
http://aims.fao.org/aos/agrovoc/c_867,c_867,http://aims.fao.org/aos/agrovoc/c_6647,c_6647,skos:broader
http://aims.fao.org/aos/agrovoc/c_1411,c_1411,http://aims.fao.org/aos/agrovoc/c_6647,c_6647,skos:broader
http://aims.fao.org/aos/agrovoc/c_8019,c_8019,http://aims.fao.org/aos/agrovoc/c_6647,c_6647,skos:broader
http://aims.fao.org/aos/agrovoc/c_14791,c_14791,http://aims.fao.org/aos/agrovoc/c_6647,c_6647,skos:broader
http://aims.fao.org/aos/agrovoc/c_6713,c_6713,http://aims.fao.org/aos/agrovoc/c_6647,c_6647,skos:broader
http://aims.fao.org/aos/agrovoc/c_8478,c_8478,http://aims.fao.org/aos/agrovoc/c_6647,c_6647,skos:broader
http://aims.fao.org/aos/agrovoc/c_8639,c_8639,http://aims.fao.org/aos/agrovoc/c_8478,c_8478,skos:broader
http://aims.fao.org/aos/agrovoc/c_b62580dc,c_b62580dc,http://aims.fao.org/aos/agrovoc/c_8478,c_8478,skos:broader
http://aims.fao.org/aos/agrovoc/c_4ad84693,c_4ad84693,http://aims.fao.org/aos/agrovoc/c_8478,c_8478,skos:broader
http://aims.fao.org/aos/agrovoc/c_68ded8bf,c_68ded8bf,http://aims.fao.org/aos/agrovoc/c_8478,c_8478,skos:broader
http://aims.fao.org/aos/agrovoc/c_f4f7b60f,c_f4f7b60f,http://aims.fao.org/aos/agrovoc/c_8478,c_8478,skos:broader
http://aims.fao.org/aos/agrovoc/c_54e79c40,c_54e79c40,http://aims.fao.org/aos/agrovoc/c_8478,c_8478,skos:broader
http://aims.fao.org/aos/agrovoc/c_ac086db8,c_ac086db8,http://aims.fao.org/aos/agrovoc/c_8478,c_8478,skos:broader
http://aims.fao.org/aos/agrovoc/c_6060d12c,c_6060d12c,http://aims.fao.org/aos/agrovoc/c_8478,c_8478,skos:broader
http://aims.fao.org/aos/agrovoc/c_bd43049a,c_bd43049a,http://aims.fao.org/aos/agrovoc/c_8478,c_8478,skos:broader
http://aims.fao.org/aos/agrovoc/c_33c5958f,c_33c5958f,http://aims.fao.org/aos/agrovoc/c_8478,c_8478,skos:broader
http://aims.fao.org/aos/agrovoc/c_38c2b537,c_38c2b537,http://aims.fao.org/aos/agrovoc/c_8478,c_8478,skos:broader
http://aims.fao.org/aos/agrovoc/c_2a17f2e0,c_2a17f2e0,http://aims.fao.org/aos/agrovoc/c_8478,c_8478,skos:broader
http://aims.fao.org/aos/agrovoc/c_9640,c_9640,http://aims.fao.org/aos/agrovoc/c_6647,c_6647,skos:broader
http://aims.fao.org/aos/agrovoc/c_11903,c_11903,http://aims.fao.org/aos/agrovoc/c_6647,c_6647,skos:broader
http://aims.fao.org/aos/agrovoc/c_13122,c_13122,http://aims.fao.org/aos/agrovoc/c_6647,c_6647,skos:broader
http://aims.fao.org/aos/agrovoc/c_13551,c_13551,http://aims.fao.org/aos/agrovoc/c_6647,c_6647,skos:broader
http://aims.fao.org/aos/agrovoc/c_10081,c_10081,http://aims.fao.org/aos/agrovoc/c_13551,c_13551,skos:broader
http://aims.fao.org/aos/agrovoc/c_13735,c_13735,http://aims.fao.org/aos/agrovoc/c_6647,c_6647,skos:broader
http://aims.fao.org/aos/agrovoc/c_14055,c_14055,http://aims.fao.org/aos/agrovoc/c_6647,c_6647,skos:broader
http://aims.fao.org/aos/agrovoc/c_14729,c_14729,http://aims.fao.org/aos/agrovoc/c_6647,c_6647,skos:broader
http://aims.fao.org/aos/agrovoc/c_8c81ebbc,c_8c81ebbc,http://aims.fao.org/aos/agrovoc/c_14729,c_14729,skos:broader
http://aims.fao.org/aos/agrovoc/c_11614,c_11614,http://aims.fao.org/aos/agrovoc/c_6647,c_6647,skos:broader
http://aims.fao.org/aos/agrovoc/c_0f628632,c_0f628632,http://aims.fao.org/aos/agrovoc/c_6647,c_6647,skos:broader
http://aims.fao.org/aos/agrovoc/c_1af96a53,c_1af96a53,http://aims.fao.org/aos/agrovoc/c_6647,c_6647,skos:broader
http://aims.fao.org/aos/agrovoc/c_7f40dbdf,c_7f40dbdf,http://aims.fao.org/aos/agrovoc/c_6647,c_6647,skos:broader
http://aims.fao.org/aos/agrovoc/c_d1c9cfce,c_d1c9cfce,http://aims.fao.org/aos/agrovoc/c_6647,c_6647,skos:broader
http://aims.fao.org/aos/agrovoc/c_700f9441,c_700f9441,http://aims.fao.org/aos/agrovoc/c_6647,c_6647,skos:broader
http://aims.fao.org/aos/agrovoc/c_1143,c_1143,http://aims.fao.org/aos/agrovoc/c_8174,c_8174,skos:broader
http://aims.fao.org/aos/agrovoc/c_4040,c_4040,http://aims.fao.org/aos/agrovoc/c_1143,c_1143,skos:broader
http://aims.fao.org/aos/agrovoc/c_12128,c_12128,http://aims.fao.org/aos/agrovoc/c_1143,c_1143,skos:broader
http://aims.fao.org/aos/agrovoc/c_12934,c_12934,http://aims.fao.org/aos/agrovoc/c_1143,c_1143,skos:broader
http://aims.fao.org/aos/agrovoc/c_14233,c_14233,http://aims.fao.org/aos/agrovoc/c_1143,c_1143,skos:broader
http://aims.fao.org/aos/agrovoc/c_9813,c_9813,http://aims.fao.org/aos/agrovoc/c_1143,c_1143,skos:broader
http://aims.fao.org/aos/agrovoc/c_11091,c_11091,http://aims.fao.org/aos/agrovoc/c_1143,c_1143,skos:broader
http://aims.fao.org/aos/agrovoc/c_ffd65b9e,c_ffd65b9e,http://aims.fao.org/aos/agrovoc/c_1143,c_1143,skos:broader
http://aims.fao.org/aos/agrovoc/c_2487,c_2487,http://aims.fao.org/aos/agrovoc/c_8174,c_8174,skos:broader
http://aims.fao.org/aos/agrovoc/c_221f3324,c_221f3324,http://aims.fao.org/aos/agrovoc/c_2487,c_2487,skos:broader
http://aims.fao.org/aos/agrovoc/c_7388,c_7388,http://aims.fao.org/aos/agrovoc/c_8174,c_8174,skos:broader
http://aims.fao.org/aos/agrovoc/c_1412,c_1412,http://aims.fao.org/aos/agrovoc/c_7388,c_7388,skos:broader
http://aims.fao.org/aos/agrovoc/c_4114,c_4114,http://aims.fao.org/aos/agrovoc/c_7388,c_7388,skos:broader
http://aims.fao.org/aos/agrovoc/c_11089,c_11089,http://aims.fao.org/aos/agrovoc/c_7388,c_7388,skos:broader
http://aims.fao.org/aos/agrovoc/c_5989,c_5989,http://aims.fao.org/aos/agrovoc/c_8174,c_8174,skos:broader
http://aims.fao.org/aos/agrovoc/c_9623,c_9623,http://aims.fao.org/aos/agrovoc/c_8174,c_8174,skos:broader
http://aims.fao.org/aos/agrovoc/c_11766,c_11766,http://aims.fao.org/aos/agrovoc/c_8174,c_8174,skos:broader
http://aims.fao.org/aos/agrovoc/c_11171,c_11171,http://aims.fao.org/aos/agrovoc/c_11766,c_11766,skos:broader
http://aims.fao.org/aos/agrovoc/c_1394,c_1394,http://aims.fao.org/aos/agrovoc/c_11766,c_11766,skos:broader
http://aims.fao.org/aos/agrovoc/c_7339,c_7339,http://aims.fao.org/aos/agrovoc/c_11766,c_11766,skos:broader
http://aims.fao.org/aos/agrovoc/c_15889,c_15889,http://aims.fao.org/aos/agrovoc/c_8174,c_8174,skos:broader
http://aims.fao.org/aos/agrovoc/c_17156,c_17156,http://aims.fao.org/aos/agrovoc/c_8174,c_8174,skos:broader
http://aims.fao.org/aos/agrovoc/c_28302,c_28302,http://aims.fao.org/aos/agrovoc/c_8174,c_8174,skos:broader
http://aims.fao.org/aos/agrovoc/c_32502,c_32502,http://aims.fao.org/aos/agrovoc/c_8174,c_8174,skos:broader
http://aims.fao.org/aos/agrovoc/c_330156,c_330156,http://aims.fao.org/aos/agrovoc/c_8174,c_8174,skos:broader
http://aims.fao.org/aos/agrovoc/c_10789,c_10789,http://aims.fao.org/aos/agrovoc/c_8174,c_8174,skos:broader
http://aims.fao.org/aos/agrovoc/c_87057e4f,c_87057e4f,http://aims.fao.org/aos/agrovoc/c_8174,c_8174,skos:broader
http://aims.fao.org/aos/agrovoc/c_a8b0f9a7,c_a8b0f9a7,http://aims.fao.org/aos/agrovoc/c_8174,c_8174,skos:broader
