cultura,ontology,traitDbId,traitId,traitName,defaultValue,n_observation_variables,observation_variables
Brassica,CO_348,CO_348:2000001,CO_348:2000001,Plant stand,,1,CO_348:1000001
Brassica,CO_348,CO_348:2000002,CO_348:2000002,Regularity of plant stand,,1,CO_348:1000002
Brassica,CO_348,CO_348:2000003,CO_348:2000003,Biomass yield,,1,CO_348:1000003
Brassica,CO_348,CO_348:2100125,CO_348:2100125,Plant height,,2,CO_348:1000004; CO_348:1100101
Brassica,CO_348,CO_348:2000004,CO_348:2000004,Pod shattering,,1,CO_348:1000005
Brassica,CO_348,CO_348:2000005,CO_348:2000005,First inter-node time (BBCH 31),,1,CO_348:1000006
Brassica,CO_348,CO_348:2000006,CO_348:2000006,First flowers time (BBCH 60),,1,CO_348:1000007
Brassica,CO_348,CO_348:2000007,CO_348:2000007,Beginning of flowering time (BBCH 61),,1,CO_348:1000008
Brassica,CO_348,CO_348:2000008,CO_348:2000008,Flowering time (BBCH 62-65),,1,CO_348:1000009
Brassica,CO_348,CO_348:2000009,CO_348:2000009,End of flowering time (BBCH 69),,1,CO_348:1000010
Brassica,CO_348,CO_348:2000010,CO_348:2000010,Beginning of pod development time (BBCH 71),,1,CO_348:1000011
Brassica,CO_348,CO_348:2000011,CO_348:2000011,Early pod development time (BBCH 73),,1,CO_348:1000012
Brassica,CO_348,CO_348:2000012,CO_348:2000012,Pod development time (BBCH 72-79),,1,CO_348:1000013
Brassica,CO_348,CO_348:2000013,CO_348:2000013,Beginning of pod maturity time (BBCH 81),,1,CO_348:1000014
Brassica,CO_348,CO_348:2000014,CO_348:2000014,Pod maturity time (BBCH 82-99),,1,CO_348:1000015
Brassica,CO_348,CO_348:2000015,CO_348:2000015,Plant stand at emergence,,1,CO_348:1000016
Brassica,CO_348,CO_348:2000016,CO_348:2000016,Seed erucic acid content,,1,CO_348:1000017
Brassica,CO_348,CO_348:2000017,CO_348:2000017,Seed palmitic acid content,,1,CO_348:1000018
Brassica,CO_348,CO_348:2000018,CO_348:2000018,Seed stearic acid content,,1,CO_348:1000019
Brassica,CO_348,CO_348:2000019,CO_348:2000019,Seed oleic acid content,,1,CO_348:1000020
Brassica,CO_348,CO_348:2000020,CO_348:2000020,Seed linoleic acid content,,1,CO_348:1000021
Brassica,CO_348,CO_348:2000021,CO_348:2000021,Seed linolenic acid content,,1,CO_348:1000022
Brassica,CO_348,CO_348:2000022,CO_348:2000022,Seed oil content,,1,CO_348:1000023
Brassica,CO_348,CO_348:2000023,CO_348:2000023,Seed protein content,,1,CO_348:1000024
Brassica,CO_348,CO_348:2000024,CO_348:2000024,Seed glucosinolate content,,1,CO_348:1000025
Brassica,CO_348,CO_348:2000025,CO_348:2000025,Seed moisture content,,1,CO_348:1000026
Brassica,CO_348,CO_348:2000026,CO_348:2000026,Meal protein content,,1,CO_348:1000027
Brassica,CO_348,CO_348:2000027,CO_348:2000027,Seed moisture content,,2,CO_348:1000028; CO_348:1000029
Brassica,CO_348,CO_348:2000028,CO_348:2000028,Seed impurity content,,1,CO_348:1000030
Brassica,CO_348,CO_348:2000029,CO_348:2000029,Biotic attack annotation,,1,CO_348:1000031
Brassica,CO_348,CO_348:2000030,CO_348:2000030,Plant lodging incidence,,1,CO_348:1000032
Brassica,CO_348,CO_348:2000031,CO_348:2000031,Crop problems annotation,,1,CO_348:1000033
Brassica,CO_348,CO_348:2000032,CO_348:2000032,Climatic incidents annotation,,1,CO_348:1000034
Brassica,CO_348,CO_348:2000033,CO_348:2000033,Phoma damage,,1,CO_348:1000035
Brassica,CO_348,CO_348:2000034,CO_348:2000034,Weevils damage,,1,CO_348:1000036
Brassica,CO_348,CO_348:2000035,CO_348:2000035,Plot measure validity,,1,CO_348:1000037
Brassica,CO_348,CO_348:2000036,CO_348:2000036,Biomass partitioning to seed,,1,CO_348:1000038
Brassica,CO_348,CO_348:2000037,CO_348:2000037,Seed N content to total plant N content ratio,,1,CO_348:1000039
Brassica,CO_348,CO_348:2000038,CO_348:2000038,Oil yield,,1,CO_348:1000040
Brassica,CO_348,CO_348:2000039,CO_348:2000039,Plot size,,1,CO_348:1000041
Brassica,CO_348,CO_348:2000040,CO_348:2000040,Seed protein yield,,1,CO_348:1000042
Brassica,CO_348,CO_348:2000041,CO_348:2000041,Hail damage,,1,CO_348:1000043
Brassica,CO_348,CO_348:2100001,CO_348:2100001,Primary root lengh,,1,CO_348:1100001
Brassica,CO_348,CO_348:2100002,CO_348:2100002,Lateral root length,,1,CO_348:1100002
Brassica,CO_348,CO_348:2100003,CO_348:2100003,Lateral root number,,1,CO_348:1100003
Brassica,CO_348,CO_348:2100004,CO_348:2100004,Total root length,,1,CO_348:1100004
Brassica,CO_348,CO_348:2100005,CO_348:2100005,Mean lateral root length,,1,CO_348:1100005
Brassica,CO_348,CO_348:2100006,CO_348:2100006,Lateral root density,,1,CO_348:1100006
Brassica,CO_348,CO_348:2100007,CO_348:2100007,Seed diameter,,1,CO_348:1100007
Brassica,CO_348,CO_348:2100008,CO_348:2100008,Seed Arsenic content,,1,CO_348:1100008
Brassica,CO_348,CO_348:2100009,CO_348:2100009,Seed Boron content,,1,CO_348:1100009
Brassica,CO_348,CO_348:2100010,CO_348:2100010,Seed Calcium content,,1,CO_348:1100010
Brassica,CO_348,CO_348:2100011,CO_348:2100011,Seed Cadmium content,,1,CO_348:1100011
Brassica,CO_348,CO_348:2100012,CO_348:2100012,Seed Cobalt content,,1,CO_348:1100012
Brassica,CO_348,CO_348:2100013,CO_348:2100013,Seed Chromium content,,1,CO_348:1100013
Brassica,CO_348,CO_348:2100014,CO_348:2100014,Seed Copper content,,1,CO_348:1100014
Brassica,CO_348,CO_348:2100015,CO_348:2100015,Seed Iron content,,1,CO_348:1100015
Brassica,CO_348,CO_348:2100016,CO_348:2100016,Seed Potassium content,,1,CO_348:1100016
Brassica,CO_348,CO_348:2100017,CO_348:2100017,Seed Lithium content,,1,CO_348:1100017
Brassica,CO_348,CO_348:2100018,CO_348:2100018,Seed Magnesium content,,1,CO_348:1100018
Brassica,CO_348,CO_348:2100019,CO_348:2100019,Seed Manganese content,,1,CO_348:1100019
Brassica,CO_348,CO_348:2100020,CO_348:2100020,Seed Molybdenum content,,1,CO_348:1100020
Brassica,CO_348,CO_348:2100021,CO_348:2100021,Seed Sodium content,,1,CO_348:1100021
Brassica,CO_348,CO_348:2100022,CO_348:2100022,Seed Nickel content,,1,CO_348:1100022
Brassica,CO_348,CO_348:2100023,CO_348:2100023,Seed Phosphorus content,,1,CO_348:1100023
Brassica,CO_348,CO_348:2100024,CO_348:2100024,Seed Lead content,,1,CO_348:1100024
Brassica,CO_348,CO_348:2100025,CO_348:2100025,Seed Rubidium content,,1,CO_348:1100025
Brassica,CO_348,CO_348:2100026,CO_348:2100026,Seed Sulphur content,,1,CO_348:1100026
Brassica,CO_348,CO_348:2100027,CO_348:2100027,Seed Selenium content,,1,CO_348:1100027
Brassica,CO_348,CO_348:2100028,CO_348:2100028,Seed Strontium content,,1,CO_348:1100028
Brassica,CO_348,CO_348:2100029,CO_348:2100029,Seed Zinc content,,1,CO_348:1100029
Brassica,CO_348,CO_348:2100030,CO_348:2100030,Leaf Silver content,,1,CO_348:1100030
Brassica,CO_348,CO_348:2100031,CO_348:2100031,Leaf Aluminium content,,1,CO_348:1100031
Brassica,CO_348,CO_348:2100032,CO_348:2100032,Leaf Arsenic content,,1,CO_348:1100032
Brassica,CO_348,CO_348:2100033,CO_348:2100033,Leaf Boron content,,1,CO_348:1100033
Brassica,CO_348,CO_348:2100034,CO_348:2100034,Leaf Balium content,,1,CO_348:1100034
Brassica,CO_348,CO_348:2100035,CO_348:2100035,Leaf Calcium content,,1,CO_348:1100035
Brassica,CO_348,CO_348:2100036,CO_348:2100036,Leaf Cadmium content,,1,CO_348:1100036
Brassica,CO_348,CO_348:2100037,CO_348:2100037,Leaf Chromium content,,1,CO_348:1100037
Brassica,CO_348,CO_348:2100038,CO_348:2100038,Leaf Caesium content,,1,CO_348:1100038
Brassica,CO_348,CO_348:2100039,CO_348:2100039,Leaf Copper content,,1,CO_348:1100039
Brassica,CO_348,CO_348:2100040,CO_348:2100040,Leaf Iron content,,1,CO_348:1100040
Brassica,CO_348,CO_348:2100041,CO_348:2100041,Leaf Potassium content,,1,CO_348:1100041
Brassica,CO_348,CO_348:2100042,CO_348:2100042,Leaf Magnesium content,,1,CO_348:1100042
Brassica,CO_348,CO_348:2100043,CO_348:2100043,Leaf Manganese content,,1,CO_348:1100043
Brassica,CO_348,CO_348:2100044,CO_348:2100044,Leaf Molybdenum content,,1,CO_348:1100044
Brassica,CO_348,CO_348:2100045,CO_348:2100045,Leaf Sodium content,,1,CO_348:1100045
Brassica,CO_348,CO_348:2100046,CO_348:2100046,Leaf Nickel content,,1,CO_348:1100046
Brassica,CO_348,CO_348:2100047,CO_348:2100047,Leaf Phosphorus content,,1,CO_348:1100047
Brassica,CO_348,CO_348:2100048,CO_348:2100048,Leaf Lead content,,1,CO_348:1100048
Brassica,CO_348,CO_348:2100049,CO_348:2100049,Leaf Rubidium content,,1,CO_348:1100049
Brassica,CO_348,CO_348:2100050,CO_348:2100050,Leaf Sulphur content,,1,CO_348:1100050
Brassica,CO_348,CO_348:2100051,CO_348:2100051,Leaf Selenium content,,1,CO_348:1100051
Brassica,CO_348,CO_348:2100052,CO_348:2100052,Leaf Strontium content,,1,CO_348:1100052
Brassica,CO_348,CO_348:2100053,CO_348:2100053,Leaf Titanium content,,1,CO_348:1100053
Brassica,CO_348,CO_348:2100054,CO_348:2100054,Leaf Uranium content,,1,CO_348:1100054
Brassica,CO_348,CO_348:2100055,CO_348:2100055,Leaf Vanadium content,,1,CO_348:1100055
Brassica,CO_348,CO_348:2100056,CO_348:2100056,Leaf Zinc content,,1,CO_348:1100056
Brassica,CO_348,CO_348:2100057,CO_348:2100057,Seed Brassicasterol content,,1,CO_348:1100057
Brassica,CO_348,CO_348:2100058,CO_348:2100058,Seed diunsaturated Campesterol content,,1,CO_348:1100058
Brassica,CO_348,CO_348:2000001,CO_348:2000001,Plant stand,,1,CO_348:1000001
Brassica,CO_348,CO_348:2000002,CO_348:2000002,Regularity of plant stand,,1,CO_348:1000002
Brassica,CO_348,CO_348:2000003,CO_348:2000003,Biomass yield,,1,CO_348:1000003
Brassica,CO_348,CO_348:2100125,CO_348:2100125,Plant height,,2,CO_348:1000004; CO_348:1100101
Brassica,CO_348,CO_348:2000004,CO_348:2000004,Pod shattering,,1,CO_348:1000005
Brassica,CO_348,CO_348:2000005,CO_348:2000005,First inter-node time (BBCH 31),,1,CO_348:1000006
Brassica,CO_348,CO_348:2000006,CO_348:2000006,First flowers time (BBCH 60),,1,CO_348:1000007
Brassica,CO_348,CO_348:2000007,CO_348:2000007,Beginning of flowering time (BBCH 61),,1,CO_348:1000008
Brassica,CO_348,CO_348:2000008,CO_348:2000008,Flowering time (BBCH 62-65),,1,CO_348:1000009
Brassica,CO_348,CO_348:2000009,CO_348:2000009,End of flowering time (BBCH 69),,1,CO_348:1000010
Brassica,CO_348,CO_348:2000010,CO_348:2000010,Beginning of pod development time (BBCH 71),,1,CO_348:1000011
Brassica,CO_348,CO_348:2000011,CO_348:2000011,Early pod development time (BBCH 73),,1,CO_348:1000012
Brassica,CO_348,CO_348:2000012,CO_348:2000012,Pod development time (BBCH 72-79),,1,CO_348:1000013
Brassica,CO_348,CO_348:2000013,CO_348:2000013,Beginning of pod maturity time (BBCH 81),,1,CO_348:1000014
Brassica,CO_348,CO_348:2000014,CO_348:2000014,Pod maturity time (BBCH 82-99),,1,CO_348:1000015
Brassica,CO_348,CO_348:2000015,CO_348:2000015,Plant stand at emergence,,1,CO_348:1000016
Brassica,CO_348,CO_348:2000016,CO_348:2000016,Seed erucic acid content,,1,CO_348:1000017
Brassica,CO_348,CO_348:2000017,CO_348:2000017,Seed palmitic acid content,,1,CO_348:1000018
Brassica,CO_348,CO_348:2000018,CO_348:2000018,Seed stearic acid content,,1,CO_348:1000019
Brassica,CO_348,CO_348:2000019,CO_348:2000019,Seed oleic acid content,,1,CO_348:1000020
Brassica,CO_348,CO_348:2000020,CO_348:2000020,Seed linoleic acid content,,1,CO_348:1000021
Brassica,CO_348,CO_348:2000021,CO_348:2000021,Seed linolenic acid content,,1,CO_348:1000022
Brassica,CO_348,CO_348:2000022,CO_348:2000022,Seed oil content,,1,CO_348:1000023
Brassica,CO_348,CO_348:2000023,CO_348:2000023,Seed protein content,,1,CO_348:1000024
Brassica,CO_348,CO_348:2000024,CO_348:2000024,Seed glucosinolate content,,1,CO_348:1000025
Brassica,CO_348,CO_348:2000025,CO_348:2000025,Seed moisture content,,1,CO_348:1000026
Brassica,CO_348,CO_348:2000026,CO_348:2000026,Meal protein content,,1,CO_348:1000027
Brassica,CO_348,CO_348:2000027,CO_348:2000027,Seed moisture content,,2,CO_348:1000028; CO_348:1000029
Brassica,CO_348,CO_348:2000028,CO_348:2000028,Seed impurity content,,1,CO_348:1000030
Brassica,CO_348,CO_348:2000029,CO_348:2000029,Biotic attack annotation,,1,CO_348:1000031
Brassica,CO_348,CO_348:2000030,CO_348:2000030,Plant lodging incidence,,1,CO_348:1000032
Brassica,CO_348,CO_348:2000031,CO_348:2000031,Crop problems annotation,,1,CO_348:1000033
Brassica,CO_348,CO_348:2000032,CO_348:2000032,Climatic incidents annotation,,1,CO_348:1000034
Brassica,CO_348,CO_348:2000033,CO_348:2000033,Phoma damage,,1,CO_348:1000035
Brassica,CO_348,CO_348:2000034,CO_348:2000034,Weevils damage,,1,CO_348:1000036
Brassica,CO_348,CO_348:2000035,CO_348:2000035,Plot measure validity,,1,CO_348:1000037
Brassica,CO_348,CO_348:2000036,CO_348:2000036,Biomass partitioning to seed,,1,CO_348:1000038
Brassica,CO_348,CO_348:2000037,CO_348:2000037,Seed N content to total plant N content ratio,,1,CO_348:1000039
Brassica,CO_348,CO_348:2000038,CO_348:2000038,Oil yield,,1,CO_348:1000040
Brassica,CO_348,CO_348:2000039,CO_348:2000039,Plot size,,1,CO_348:1000041
Brassica,CO_348,CO_348:2000040,CO_348:2000040,Seed protein yield,,1,CO_348:1000042
Brassica,CO_348,CO_348:2000041,CO_348:2000041,Hail damage,,1,CO_348:1000043
Brassica,CO_348,CO_348:2100001,CO_348:2100001,Primary root lengh,,1,CO_348:1100001
Brassica,CO_348,CO_348:2100002,CO_348:2100002,Lateral root length,,1,CO_348:1100002
Brassica,CO_348,CO_348:2100003,CO_348:2100003,Lateral root number,,1,CO_348:1100003
Brassica,CO_348,CO_348:2100004,CO_348:2100004,Total root length,,1,CO_348:1100004
Brassica,CO_348,CO_348:2100005,CO_348:2100005,Mean lateral root length,,1,CO_348:1100005
Brassica,CO_348,CO_348:2100006,CO_348:2100006,Lateral root density,,1,CO_348:1100006
Brassica,CO_348,CO_348:2100007,CO_348:2100007,Seed diameter,,1,CO_348:1100007
Brassica,CO_348,CO_348:2100008,CO_348:2100008,Seed Arsenic content,,1,CO_348:1100008
Brassica,CO_348,CO_348:2100009,CO_348:2100009,Seed Boron content,,1,CO_348:1100009
Brassica,CO_348,CO_348:2100010,CO_348:2100010,Seed Calcium content,,1,CO_348:1100010
Brassica,CO_348,CO_348:2100011,CO_348:2100011,Seed Cadmium content,,1,CO_348:1100011
Brassica,CO_348,CO_348:2100012,CO_348:2100012,Seed Cobalt content,,1,CO_348:1100012
Brassica,CO_348,CO_348:2100013,CO_348:2100013,Seed Chromium content,,1,CO_348:1100013
Brassica,CO_348,CO_348:2100014,CO_348:2100014,Seed Copper content,,1,CO_348:1100014
Brassica,CO_348,CO_348:2100015,CO_348:2100015,Seed Iron content,,1,CO_348:1100015
Brassica,CO_348,CO_348:2100016,CO_348:2100016,Seed Potassium content,,1,CO_348:1100016
Brassica,CO_348,CO_348:2100017,CO_348:2100017,Seed Lithium content,,1,CO_348:1100017
Brassica,CO_348,CO_348:2100018,CO_348:2100018,Seed Magnesium content,,1,CO_348:1100018
Brassica,CO_348,CO_348:2100019,CO_348:2100019,Seed Manganese content,,1,CO_348:1100019
Brassica,CO_348,CO_348:2100020,CO_348:2100020,Seed Molybdenum content,,1,CO_348:1100020
Brassica,CO_348,CO_348:2100021,CO_348:2100021,Seed Sodium content,,1,CO_348:1100021
Brassica,CO_348,CO_348:2100022,CO_348:2100022,Seed Nickel content,,1,CO_348:1100022
Brassica,CO_348,CO_348:2100023,CO_348:2100023,Seed Phosphorus content,,1,CO_348:1100023
Brassica,CO_348,CO_348:2100024,CO_348:2100024,Seed Lead content,,1,CO_348:1100024
Brassica,CO_348,CO_348:2100025,CO_348:2100025,Seed Rubidium content,,1,CO_348:1100025
Brassica,CO_348,CO_348:2100026,CO_348:2100026,Seed Sulphur content,,1,CO_348:1100026
Brassica,CO_348,CO_348:2100027,CO_348:2100027,Seed Selenium content,,1,CO_348:1100027
Brassica,CO_348,CO_348:2100028,CO_348:2100028,Seed Strontium content,,1,CO_348:1100028
Brassica,CO_348,CO_348:2100029,CO_348:2100029,Seed Zinc content,,1,CO_348:1100029
Brassica,CO_348,CO_348:2100030,CO_348:2100030,Leaf Silver content,,1,CO_348:1100030
Brassica,CO_348,CO_348:2100031,CO_348:2100031,Leaf Aluminium content,,1,CO_348:1100031
Brassica,CO_348,CO_348:2100032,CO_348:2100032,Leaf Arsenic content,,1,CO_348:1100032
Brassica,CO_348,CO_348:2100033,CO_348:2100033,Leaf Boron content,,1,CO_348:1100033
Brassica,CO_348,CO_348:2100034,CO_348:2100034,Leaf Balium content,,1,CO_348:1100034
Brassica,CO_348,CO_348:2100035,CO_348:2100035,Leaf Calcium content,,1,CO_348:1100035
Brassica,CO_348,CO_348:2100036,CO_348:2100036,Leaf Cadmium content,,1,CO_348:1100036
Brassica,CO_348,CO_348:2100037,CO_348:2100037,Leaf Chromium content,,1,CO_348:1100037
Brassica,CO_348,CO_348:2100038,CO_348:2100038,Leaf Caesium content,,1,CO_348:1100038
Brassica,CO_348,CO_348:2100039,CO_348:2100039,Leaf Copper content,,1,CO_348:1100039
Brassica,CO_348,CO_348:2100040,CO_348:2100040,Leaf Iron content,,1,CO_348:1100040
Brassica,CO_348,CO_348:2100041,CO_348:2100041,Leaf Potassium content,,1,CO_348:1100041
Brassica,CO_348,CO_348:2100042,CO_348:2100042,Leaf Magnesium content,,1,CO_348:1100042
Brassica,CO_348,CO_348:2100043,CO_348:2100043,Leaf Manganese content,,1,CO_348:1100043
Brassica,CO_348,CO_348:2100044,CO_348:2100044,Leaf Molybdenum content,,1,CO_348:1100044
Brassica,CO_348,CO_348:2100045,CO_348:2100045,Leaf Sodium content,,1,CO_348:1100045
Brassica,CO_348,CO_348:2100046,CO_348:2100046,Leaf Nickel content,,1,CO_348:1100046
Brassica,CO_348,CO_348:2100047,CO_348:2100047,Leaf Phosphorus content,,1,CO_348:1100047
Brassica,CO_348,CO_348:2100048,CO_348:2100048,Leaf Lead content,,1,CO_348:1100048
Brassica,CO_348,CO_348:2100049,CO_348:2100049,Leaf Rubidium content,,1,CO_348:1100049
Brassica,CO_348,CO_348:2100050,CO_348:2100050,Leaf Sulphur content,,1,CO_348:1100050
Brassica,CO_348,CO_348:2100051,CO_348:2100051,Leaf Selenium content,,1,CO_348:1100051
Brassica,CO_348,CO_348:2100052,CO_348:2100052,Leaf Strontium content,,1,CO_348:1100052
Brassica,CO_348,CO_348:2100053,CO_348:2100053,Leaf Titanium content,,1,CO_348:1100053
Brassica,CO_348,CO_348:2100054,CO_348:2100054,Leaf Uranium content,,1,CO_348:1100054
Brassica,CO_348,CO_348:2100055,CO_348:2100055,Leaf Vanadium content,,1,CO_348:1100055
Brassica,CO_348,CO_348:2100056,CO_348:2100056,Leaf Zinc content,,1,CO_348:1100056
Brassica,CO_348,CO_348:2100057,CO_348:2100057,Seed Brassicasterol content,,1,CO_348:1100057
Brassica,CO_348,CO_348:2100058,CO_348:2100058,Seed diunsaturated Campesterol content,,1,CO_348:1100058
Common Bean,CO_335,CO_335:0000920,CO_335:0000920,Geometric mean of days to physiological maturity,,1,CO_335:0000743
Common Bean,CO_335,CO_335:0000921,CO_335:0000921,Geometric mean of hundred seed weight,,1,CO_335:0000740
Common Bean,CO_335,CO_335:0000922,CO_335:0000922,Geometric mean of seed yield,,1,CO_335:0000737
Common Bean,CO_335,CO_335:0000923,CO_335:0000923,Seed yield drought susceptibility index,,1,CO_335:0000656
Common Bean,CO_335,CO_335:0000924,CO_335:0000924,Canopy width,,1,CO_335:0000108
Common Bean,CO_335,CO_335:0000925,CO_335:0000925,Dead leaf biomass at R8,,1,CO_335:0000085
Common Bean,CO_335,CO_335:0000926,CO_335:0000926,Hundred seed weight,,1,CO_335:0000001
Common Bean,CO_335,CO_335:0000927,CO_335:0000927,Leaf area,,1,CO_335:0000647
Common Bean,CO_335,CO_335:0000928,CO_335:0000928,Leaf area index,,1,CO_335:0000034
Common Bean,CO_335,CO_335:0000929,CO_335:0000929,Leaf biomass at R8,,1,CO_335:0000097
Common Bean,CO_335,CO_335:0000930,CO_335:0000930,Mean root diameter,,1,CO_335:0000038
Common Bean,CO_335,CO_335:0000931,CO_335:0000931,Plant harvested number,,2,CO_335:0000548; CO_335:0000043
Common Bean,CO_335,CO_335:0000932,CO_335:0000932,Plant height,,1,CO_335:0000106
Common Bean,CO_335,CO_335:0000933,CO_335:0000933,Plant leaf area,,1,CO_335:0000650
Common Bean,CO_335,CO_335:0000934,CO_335:0000934,Plant pod number,,1,CO_335:0000041
Common Bean,CO_335,CO_335:0000935,CO_335:0000935,Plant root volume,,1,CO_335:0000677
Common Bean,CO_335,CO_335:0000936,CO_335:0000936,Plant seed number,,1,CO_335:0000578
Common Bean,CO_335,CO_335:0000937,CO_335:0000937,Plant seed yield,,1,CO_335:0000069
Common Bean,CO_335,CO_335:0000938,CO_335:0000938,Plant shoot biomass,,1,CO_335:0000638
Common Bean,CO_335,CO_335:0000939,CO_335:0000939,Plant total root biomass,,1,CO_335:0000063
Common Bean,CO_335,CO_335:0000940,CO_335:0000940,Plant total root length,,1,CO_335:0000065
Common Bean,CO_335,CO_335:0000941,CO_335:0000941,Pod biomass at R8,,1,CO_335:0000040
Common Bean,CO_335,CO_335:0000942,CO_335:0000942,Pod biomass at R9,,1,CO_335:0000039
Common Bean,CO_335,CO_335:0000943,CO_335:0000943,Pod dehiscence type,,1,CO_335:0000527
Common Bean,CO_335,CO_335:0000944,CO_335:0000944,Pod harvest index,,1,CO_335:0000042
Common Bean,CO_335,CO_335:0000945,CO_335:0000945,Pod number,,1,CO_335:0000575
Common Bean,CO_335,CO_335:0000946,CO_335:0000946,Pod partitioning index,,1,CO_335:0000044
Common Bean,CO_335,CO_335:0000947,CO_335:0000947,Pod seed number,,1,CO_335:0000059
Common Bean,CO_335,CO_335:0000948,CO_335:0000948,Pod wall biomass at R9,,1,CO_335:0000047
Common Bean,CO_335,CO_335:0000949,CO_335:0000949,Root depth,,1,CO_335:0000141
Common Bean,CO_335,CO_335:0000950,CO_335:0000950,Root volume,,1,CO_335:0000674
Common Bean,CO_335,CO_335:0000951,CO_335:0000951,Seed ash content,,1,CO_335:0000138
Common Bean,CO_335,CO_335:0000952,CO_335:0000952,Seed harvest index,,1,CO_335:0000135
Common Bean,CO_335,CO_335:0000953,CO_335:0000953,Seed moisture content,,1,CO_335:0000542
Common Bean,CO_335,CO_335:0000954,CO_335:0000954,Seed number,,1,CO_335:0000572
Common Bean,CO_335,CO_335:0000955,CO_335:0000955,Seed size,,1,CO_335:0000581
Common Bean,CO_335,CO_335:0000799,CO_335:0000799,Seed size,,1,CO_335:0001208
Common Bean,CO_335,CO_335:0000956,CO_335:0000956,Seed yield,,2,CO_335:0000068; CO_335:0000028
Common Bean,CO_335,CO_335:0000800,CO_335:0000800,Seed yield,,1,CO_335:0001211
Common Bean,CO_335,CO_335:0000957,CO_335:0000957,Seed yield productivity rate,,1,CO_335:0000539
Common Bean,CO_335,CO_335:0000958,CO_335:0000958,Shoot ash content,,1,CO_335:0000641
Common Bean,CO_335,CO_335:0000959,CO_335:0000959,Shoot biomass,,1,CO_335:0000635
Common Bean,CO_335,CO_335:0000960,CO_335:0000960,Shoot biomass at R8,,1,CO_335:0000012
Common Bean,CO_335,CO_335:0000961,CO_335:0000961,Specific root length,,1,CO_335:0000060
Common Bean,CO_335,CO_335:0000962,CO_335:0000962,Stem biomass at R8,,1,CO_335:0000054
Common Bean,CO_335,CO_335:0000963,CO_335:0000963,Stem biomass at R9,,1,CO_335:0000062
Common Bean,CO_335,CO_335:0000964,CO_335:0000964,Stem biomass reduction,,1,CO_335:0000136
Common Bean,CO_335,CO_335:0000965,CO_335:0000965,Total root biomass,,1,CO_335:0000064
Common Bean,CO_335,CO_335:0000966,CO_335:0000966,Total root length,,1,CO_335:0000066
Common Bean,CO_335,CO_335:0000967,CO_335:0000967,Presence of marker linked to bc-3 gene,,1,CO_335:0000569
Common Bean,CO_335,CO_335:0000968,CO_335:0000968,Presence of marker linked to bgm-1 gene,,1,CO_335:0000563
Common Bean,CO_335,CO_335:0000969,CO_335:0000969,Presence of marker linked to W12 QTL,,1,CO_335:0000566
Common Bean,CO_335,CO_335:0000970,CO_335:0000970,Angular Leaf Spot disease severity on leaves,,2,CO_335:0000004; CO_335:0000002
Common Bean,CO_335,CO_335:0000971,CO_335:0000971,Angular Leaf Spot disease severity on pods,,1,CO_335:0000003
Common Bean,CO_335,CO_335:0000972,CO_335:0000972,Anthracnose disease severity on leaves,,2,CO_335:0000008; CO_335:0000006
Common Bean,CO_335,CO_335:0000973,CO_335:0000973,Anthracnose disease severity on pods,,1,CO_335:0000007
Common Bean,CO_335,CO_335:0000974,CO_335:0000974,Aphids damage,,1,CO_335:0000476
Common Bean,CO_335,CO_335:0000975,CO_335:0000975,Ascochyta blight disease severity on leaves,,2,CO_335:0000605; CO_335:0000602
Common Bean,CO_335,CO_335:0000976,CO_335:0000976,Ascochyta blight disease severity on pods,,1,CO_335:0000608
Common Bean,CO_335,CO_335:0000977,CO_335:0000977,Bean Common Mosaic Necrosis Virus reaction,,1,CO_335:0000009
Common Bean,CO_335,CO_335:0000978,CO_335:0000978,Bean Golden Yellow Mosaic Virus reaction,,1,CO_335:0000470
Common Bean,CO_335,CO_335:0000979,CO_335:0000979,Bean Golden Yellow Mosaic Virus severity,,1,CO_335:0000473
Common Bean,CO_335,CO_335:0000980,CO_335:0000980,Bean Stem Maggot damage,,1,CO_335:0000011
Common Bean,CO_335,CO_335:0000981,CO_335:0000981,Bruchid damage on seeds,,1,CO_335:0000010
Common Bean,CO_335,CO_335:0000982,CO_335:0000982,Common Bacterial Blight disease severity on leaves,,2,CO_335:0000015; CO_335:0000013
Common Bean,CO_335,CO_335:0000983,CO_335:0000983,Common Bacterial Blight disease severity on pods,,1,CO_335:0000014
Common Bean,CO_335,CO_335:0000984,CO_335:0000984,Floury leaf spot disease severity,,1,CO_335:0000449
Common Bean,CO_335,CO_335:0000985,CO_335:0000985,Fusarium solani disease severity,,2,CO_335:0000026; CO_335:0000025
Common Bean,CO_335,CO_335:0000986,CO_335:0000986,Halo blight disease severity on leaves,,2,CO_335:0000032; CO_335:0000030
Common Bean,CO_335,CO_335:0000987,CO_335:0000987,Halo blight disease severity on pods,,1,CO_335:0000031
Common Bean,CO_335,CO_335:0000988,CO_335:0000988,Leafhopper damage,,1,CO_335:0000479
Common Bean,CO_335,CO_335:0000989,CO_335:0000989,Macrophomina disease severity,,2,CO_335:0000428; CO_335:0000611
Common Bean,CO_335,CO_335:0000990,CO_335:0000990,Pythium spp. disease severity,,2,CO_335:0000049; CO_335:0000048
Common Bean,CO_335,CO_335:0000991,CO_335:0000991,Rhizoctonia disease severity,,2,CO_335:0000434; CO_335:0000431
Common Bean,CO_335,CO_335:0000992,CO_335:0000992,Rust disease severity on leaves,,2,CO_335:0000052; CO_335:0000050
Common Bean,CO_335,CO_335:0000993,CO_335:0000993,Southern blight disease severity,,2,CO_335:0000440; CO_335:0000437
Common Bean,CO_335,CO_335:0000994,CO_335:0000994,Web blight disease severity,,2,CO_335:0000452; CO_335:0000455
Common Bean,CO_335,CO_335:0000995,CO_335:0000995,White mold disease severity,,2,CO_335:0000446; CO_335:0000443
Common Bean,CO_335,CO_335:0000996,CO_335:0000996,Basal root growth angle,,1,CO_335:0000458
Common Bean,CO_335,CO_335:0000997,CO_335:0000997,Emerging cotyledon color,,1,CO_335:0000533
Common Bean,CO_335,CO_335:0000998,CO_335:0000998,Flower color,,1,CO_335:0000024
Common Bean,CO_335,CO_335:0000999,CO_335:0000999,Flower standard color,,1,CO_335:0000554
Common Bean,CO_335,CO_335:0001000,CO_335:0001000,Flower wings color,,1,CO_335:0000551
Common Bean,CO_335,CO_335:0001001,CO_335:0001001,Hypocotyl pigmentation,,1,CO_335:0000536
Common Bean,CO_335,CO_335:0001002,CO_335:0001002,Mature pod color,,1,CO_335:0000037
Common Bean,CO_335,CO_335:0001003,CO_335:0001003,Plant basal root length,,1,CO_335:0000075
Common Bean,CO_335,CO_335:0001004,CO_335:0001004,Plant basal root number,,1,CO_335:0000077
Common Bean,CO_335,CO_335:0001005,CO_335:0001005,Plant basal root whorl number,,1,CO_335:0000076
Common Bean,CO_335,CO_335:0001006,CO_335:0001006,Plant growth habit,,1,CO_335:0000027
Common Bean,CO_335,CO_335:0001007,CO_335:0001007,Plant pod position,,1,CO_335:0000117
Common Bean,CO_335,CO_335:0001008,CO_335:0001008,Pod beak orientation,,1,CO_335:0000521
Common Bean,CO_335,CO_335:0001009,CO_335:0001009,Pod beak position,,1,CO_335:0000524
Common Bean,CO_335,CO_335:0001010,CO_335:0001010,Pod cross section,,1,CO_335:0000515
Common Bean,CO_335,CO_335:0001011,CO_335:0001011,Pod curvature,,1,CO_335:0000530
Common Bean,CO_335,CO_335:0001012,CO_335:0001012,Pod length,,1,CO_335:0000512
Common Bean,CO_335,CO_335:0001013,CO_335:0001013,Pod width,,1,CO_335:0000518
Common Bean,CO_335,CO_335:0001014,CO_335:0001014,Seed brilliance,,1,CO_335:0000058
Common Bean,CO_335,CO_335:0001015,CO_335:0001015,Seed color pattern,,1,CO_335:0000057
Common Bean,CO_335,CO_335:0001016,CO_335:0001016,Seed height,,1,CO_335:0000503
Common Bean,CO_335,CO_335:0001017,CO_335:0001017,Seed length,,1,CO_335:0000509
Common Bean,CO_335,CO_335:0000920,CO_335:0000920,Geometric mean of days to physiological maturity,,1,CO_335:0000743
Common Bean,CO_335,CO_335:0000921,CO_335:0000921,Geometric mean of hundred seed weight,,1,CO_335:0000740
Common Bean,CO_335,CO_335:0000922,CO_335:0000922,Geometric mean of seed yield,,1,CO_335:0000737
Common Bean,CO_335,CO_335:0000923,CO_335:0000923,Seed yield drought susceptibility index,,1,CO_335:0000656
Common Bean,CO_335,CO_335:0000924,CO_335:0000924,Canopy width,,1,CO_335:0000108
Common Bean,CO_335,CO_335:0000925,CO_335:0000925,Dead leaf biomass at R8,,1,CO_335:0000085
Common Bean,CO_335,CO_335:0000926,CO_335:0000926,Hundred seed weight,,1,CO_335:0000001
Common Bean,CO_335,CO_335:0000927,CO_335:0000927,Leaf area,,1,CO_335:0000647
Common Bean,CO_335,CO_335:0000928,CO_335:0000928,Leaf area index,,1,CO_335:0000034
Common Bean,CO_335,CO_335:0000929,CO_335:0000929,Leaf biomass at R8,,1,CO_335:0000097
Common Bean,CO_335,CO_335:0000930,CO_335:0000930,Mean root diameter,,1,CO_335:0000038
Common Bean,CO_335,CO_335:0000931,CO_335:0000931,Plant harvested number,,2,CO_335:0000548; CO_335:0000043
Common Bean,CO_335,CO_335:0000932,CO_335:0000932,Plant height,,1,CO_335:0000106
Common Bean,CO_335,CO_335:0000933,CO_335:0000933,Plant leaf area,,1,CO_335:0000650
Common Bean,CO_335,CO_335:0000934,CO_335:0000934,Plant pod number,,1,CO_335:0000041
Common Bean,CO_335,CO_335:0000935,CO_335:0000935,Plant root volume,,1,CO_335:0000677
Common Bean,CO_335,CO_335:0000936,CO_335:0000936,Plant seed number,,1,CO_335:0000578
Common Bean,CO_335,CO_335:0000937,CO_335:0000937,Plant seed yield,,1,CO_335:0000069
Common Bean,CO_335,CO_335:0000938,CO_335:0000938,Plant shoot biomass,,1,CO_335:0000638
Common Bean,CO_335,CO_335:0000939,CO_335:0000939,Plant total root biomass,,1,CO_335:0000063
Common Bean,CO_335,CO_335:0000940,CO_335:0000940,Plant total root length,,1,CO_335:0000065
Common Bean,CO_335,CO_335:0000941,CO_335:0000941,Pod biomass at R8,,1,CO_335:0000040
Common Bean,CO_335,CO_335:0000942,CO_335:0000942,Pod biomass at R9,,1,CO_335:0000039
Common Bean,CO_335,CO_335:0000943,CO_335:0000943,Pod dehiscence type,,1,CO_335:0000527
Common Bean,CO_335,CO_335:0000944,CO_335:0000944,Pod harvest index,,1,CO_335:0000042
Common Bean,CO_335,CO_335:0000945,CO_335:0000945,Pod number,,1,CO_335:0000575
Common Bean,CO_335,CO_335:0000946,CO_335:0000946,Pod partitioning index,,1,CO_335:0000044
Common Bean,CO_335,CO_335:0000947,CO_335:0000947,Pod seed number,,1,CO_335:0000059
Common Bean,CO_335,CO_335:0000948,CO_335:0000948,Pod wall biomass at R9,,1,CO_335:0000047
Common Bean,CO_335,CO_335:0000949,CO_335:0000949,Root depth,,1,CO_335:0000141
Common Bean,CO_335,CO_335:0000950,CO_335:0000950,Root volume,,1,CO_335:0000674
Common Bean,CO_335,CO_335:0000951,CO_335:0000951,Seed ash content,,1,CO_335:0000138
Common Bean,CO_335,CO_335:0000952,CO_335:0000952,Seed harvest index,,1,CO_335:0000135
Common Bean,CO_335,CO_335:0000953,CO_335:0000953,Seed moisture content,,1,CO_335:0000542
Common Bean,CO_335,CO_335:0000954,CO_335:0000954,Seed number,,1,CO_335:0000572
Common Bean,CO_335,CO_335:0000955,CO_335:0000955,Seed size,,1,CO_335:0000581
Common Bean,CO_335,CO_335:0000799,CO_335:0000799,Seed size,,1,CO_335:0001208
Common Bean,CO_335,CO_335:0000956,CO_335:0000956,Seed yield,,2,CO_335:0000068; CO_335:0000028
Common Bean,CO_335,CO_335:0000800,CO_335:0000800,Seed yield,,1,CO_335:0001211
Common Bean,CO_335,CO_335:0000957,CO_335:0000957,Seed yield productivity rate,,1,CO_335:0000539
Common Bean,CO_335,CO_335:0000958,CO_335:0000958,Shoot ash content,,1,CO_335:0000641
Common Bean,CO_335,CO_335:0000959,CO_335:0000959,Shoot biomass,,1,CO_335:0000635
Common Bean,CO_335,CO_335:0000960,CO_335:0000960,Shoot biomass at R8,,1,CO_335:0000012
Common Bean,CO_335,CO_335:0000961,CO_335:0000961,Specific root length,,1,CO_335:0000060
Common Bean,CO_335,CO_335:0000962,CO_335:0000962,Stem biomass at R8,,1,CO_335:0000054
Common Bean,CO_335,CO_335:0000963,CO_335:0000963,Stem biomass at R9,,1,CO_335:0000062
Common Bean,CO_335,CO_335:0000964,CO_335:0000964,Stem biomass reduction,,1,CO_335:0000136
Common Bean,CO_335,CO_335:0000965,CO_335:0000965,Total root biomass,,1,CO_335:0000064
Common Bean,CO_335,CO_335:0000966,CO_335:0000966,Total root length,,1,CO_335:0000066
Common Bean,CO_335,CO_335:0000967,CO_335:0000967,Presence of marker linked to bc-3 gene,,1,CO_335:0000569
Common Bean,CO_335,CO_335:0000968,CO_335:0000968,Presence of marker linked to bgm-1 gene,,1,CO_335:0000563
Common Bean,CO_335,CO_335:0000969,CO_335:0000969,Presence of marker linked to W12 QTL,,1,CO_335:0000566
Common Bean,CO_335,CO_335:0000970,CO_335:0000970,Angular Leaf Spot disease severity on leaves,,2,CO_335:0000004; CO_335:0000002
Common Bean,CO_335,CO_335:0000971,CO_335:0000971,Angular Leaf Spot disease severity on pods,,1,CO_335:0000003
Common Bean,CO_335,CO_335:0000972,CO_335:0000972,Anthracnose disease severity on leaves,,2,CO_335:0000008; CO_335:0000006
Common Bean,CO_335,CO_335:0000973,CO_335:0000973,Anthracnose disease severity on pods,,1,CO_335:0000007
Common Bean,CO_335,CO_335:0000974,CO_335:0000974,Aphids damage,,1,CO_335:0000476
Common Bean,CO_335,CO_335:0000975,CO_335:0000975,Ascochyta blight disease severity on leaves,,2,CO_335:0000605; CO_335:0000602
Common Bean,CO_335,CO_335:0000976,CO_335:0000976,Ascochyta blight disease severity on pods,,1,CO_335:0000608
Common Bean,CO_335,CO_335:0000977,CO_335:0000977,Bean Common Mosaic Necrosis Virus reaction,,1,CO_335:0000009
Common Bean,CO_335,CO_335:0000978,CO_335:0000978,Bean Golden Yellow Mosaic Virus reaction,,1,CO_335:0000470
Common Bean,CO_335,CO_335:0000979,CO_335:0000979,Bean Golden Yellow Mosaic Virus severity,,1,CO_335:0000473
Common Bean,CO_335,CO_335:0000980,CO_335:0000980,Bean Stem Maggot damage,,1,CO_335:0000011
Common Bean,CO_335,CO_335:0000981,CO_335:0000981,Bruchid damage on seeds,,1,CO_335:0000010
Common Bean,CO_335,CO_335:0000982,CO_335:0000982,Common Bacterial Blight disease severity on leaves,,2,CO_335:0000015; CO_335:0000013
Common Bean,CO_335,CO_335:0000983,CO_335:0000983,Common Bacterial Blight disease severity on pods,,1,CO_335:0000014
Common Bean,CO_335,CO_335:0000984,CO_335:0000984,Floury leaf spot disease severity,,1,CO_335:0000449
Common Bean,CO_335,CO_335:0000985,CO_335:0000985,Fusarium solani disease severity,,2,CO_335:0000026; CO_335:0000025
Common Bean,CO_335,CO_335:0000986,CO_335:0000986,Halo blight disease severity on leaves,,2,CO_335:0000032; CO_335:0000030
Common Bean,CO_335,CO_335:0000987,CO_335:0000987,Halo blight disease severity on pods,,1,CO_335:0000031
Common Bean,CO_335,CO_335:0000988,CO_335:0000988,Leafhopper damage,,1,CO_335:0000479
Common Bean,CO_335,CO_335:0000989,CO_335:0000989,Macrophomina disease severity,,2,CO_335:0000428; CO_335:0000611
Common Bean,CO_335,CO_335:0000990,CO_335:0000990,Pythium spp. disease severity,,2,CO_335:0000049; CO_335:0000048
Common Bean,CO_335,CO_335:0000991,CO_335:0000991,Rhizoctonia disease severity,,2,CO_335:0000434; CO_335:0000431
Common Bean,CO_335,CO_335:0000992,CO_335:0000992,Rust disease severity on leaves,,2,CO_335:0000052; CO_335:0000050
Common Bean,CO_335,CO_335:0000993,CO_335:0000993,Southern blight disease severity,,2,CO_335:0000440; CO_335:0000437
Common Bean,CO_335,CO_335:0000994,CO_335:0000994,Web blight disease severity,,2,CO_335:0000452; CO_335:0000455
Common Bean,CO_335,CO_335:0000995,CO_335:0000995,White mold disease severity,,2,CO_335:0000446; CO_335:0000443
Common Bean,CO_335,CO_335:0000996,CO_335:0000996,Basal root growth angle,,1,CO_335:0000458
Common Bean,CO_335,CO_335:0000997,CO_335:0000997,Emerging cotyledon color,,1,CO_335:0000533
Common Bean,CO_335,CO_335:0000998,CO_335:0000998,Flower color,,1,CO_335:0000024
Common Bean,CO_335,CO_335:0000999,CO_335:0000999,Flower standard color,,1,CO_335:0000554
Common Bean,CO_335,CO_335:0001000,CO_335:0001000,Flower wings color,,1,CO_335:0000551
Common Bean,CO_335,CO_335:0001001,CO_335:0001001,Hypocotyl pigmentation,,1,CO_335:0000536
Common Bean,CO_335,CO_335:0001002,CO_335:0001002,Mature pod color,,1,CO_335:0000037
Common Bean,CO_335,CO_335:0001003,CO_335:0001003,Plant basal root length,,1,CO_335:0000075
Common Bean,CO_335,CO_335:0001004,CO_335:0001004,Plant basal root number,,1,CO_335:0000077
Common Bean,CO_335,CO_335:0001005,CO_335:0001005,Plant basal root whorl number,,1,CO_335:0000076
Common Bean,CO_335,CO_335:0001006,CO_335:0001006,Plant growth habit,,1,CO_335:0000027
Common Bean,CO_335,CO_335:0001007,CO_335:0001007,Plant pod position,,1,CO_335:0000117
Common Bean,CO_335,CO_335:0001008,CO_335:0001008,Pod beak orientation,,1,CO_335:0000521
Common Bean,CO_335,CO_335:0001009,CO_335:0001009,Pod beak position,,1,CO_335:0000524
Common Bean,CO_335,CO_335:0001010,CO_335:0001010,Pod cross section,,1,CO_335:0000515
Common Bean,CO_335,CO_335:0001011,CO_335:0001011,Pod curvature,,1,CO_335:0000530
Common Bean,CO_335,CO_335:0001012,CO_335:0001012,Pod length,,1,CO_335:0000512
Common Bean,CO_335,CO_335:0001013,CO_335:0001013,Pod width,,1,CO_335:0000518
Common Bean,CO_335,CO_335:0001014,CO_335:0001014,Seed brilliance,,1,CO_335:0000058
Common Bean,CO_335,CO_335:0001015,CO_335:0001015,Seed color pattern,,1,CO_335:0000057
Common Bean,CO_335,CO_335:0001016,CO_335:0001016,Seed height,,1,CO_335:0000503
Common Bean,CO_335,CO_335:0001017,CO_335:0001017,Seed length,,1,CO_335:0000509
Potato,CO_330,CO_330:0000000,CO_330:0000000,Plant growth habit,,1,CO_330:0000223
Potato,CO_330,CO_330:0000003,CO_330:0000003,Flowering degree,,2,CO_330:0000224; CO_330:0000620
Potato,CO_330,CO_330:0000006,CO_330:0000006,Corolla shape,,1,CO_330:0000225
Potato,CO_330,CO_330:0000009,CO_330:0000009,Inflorescence number,,1,CO_330:0000226
Potato,CO_330,CO_330:0000012,CO_330:0000012,Main inflorescence flower number,,1,CO_330:0000227
Potato,CO_330,CO_330:0000015,CO_330:0000015,Anther pigmentation,,1,CO_330:0000228
Potato,CO_330,CO_330:0000018,CO_330:0000018,Pistil pigmentation,,1,CO_330:0000229
Potato,CO_330,CO_330:0000021,CO_330:0000021,Fruit shape,,1,CO_330:0000230
Potato,CO_330,CO_330:0000024,CO_330:0000024,Fruit color,,1,CO_330:0000231
Potato,CO_330,CO_330:0000027,CO_330:0000027,Pedicel color,,1,CO_330:0000232
Potato,CO_330,CO_330:0000030,CO_330:0000030,Calyx color,,1,CO_330:0000233
Potato,CO_330,CO_330:0000033,CO_330:0000033,Seed production per berry,,1,CO_330:0000234
Potato,CO_330,CO_330:0000036,CO_330:0000036,Stigma shape,,1,CO_330:0000235
Potato,CO_330,CO_330:0000039,CO_330:0000039,Leaf shape,,1,CO_330:0000236
Potato,CO_330,CO_330:0000042,CO_330:0000042,Primary lateral leaflet number,,1,CO_330:0000237
Potato,CO_330,CO_330:0000045,CO_330:0000045,Leaf adaxial surface color,,1,CO_330:0000238
Potato,CO_330,CO_330:0000048,CO_330:0000048,Leaf abaxial surface color,,1,CO_330:0000239
Potato,CO_330,CO_330:0000051,CO_330:0000051,Leaf adaxial surface trichome density,,1,CO_330:0000240
Potato,CO_330,CO_330:0000054,CO_330:0000054,Leaf abaxial surface trichome density,,1,CO_330:0000241
Potato,CO_330,CO_330:0000057,CO_330:0000057,Apical leaflet size,,1,CO_330:0000242
Potato,CO_330,CO_330:0000060,CO_330:0000060,Apical leaflet shape,,1,CO_330:0000243
Potato,CO_330,CO_330:0000063,CO_330:0000063,Lateral leaflet shape,,1,CO_330:0000244
Potato,CO_330,CO_330:0000066,CO_330:0000066,Base shape of the terminal leaflets,,1,CO_330:0000245
Potato,CO_330,CO_330:0000069,CO_330:0000069,Apex shape of the terminal leaflets,,1,CO_330:0000246
Potato,CO_330,CO_330:0000072,CO_330:0000072,Main Stem pigmentation,,1,CO_330:0000247
Potato,CO_330,CO_330:0000075,CO_330:0000075,Wing stem shape,,1,CO_330:0000248
Potato,CO_330,CO_330:0000078,CO_330:0000078,Predominant tuber skin color,,2,CO_330:0000249; CO_330:0000621
Potato,CO_330,CO_330:0000081,CO_330:0000081,Tuber skin main color intensity,,1,CO_330:0000250
Potato,CO_330,CO_330:0000084,CO_330:0000084,Tuber skin secondary color,,1,CO_330:0000251
Potato,CO_330,CO_330:0000087,CO_330:0000087,Distribution of secondary tuber skin color,,1,CO_330:0000252
Potato,CO_330,CO_330:0000090,CO_330:0000090,Predominant Tuber flesh color,,2,CO_330:0000253; CO_330:0000622
Potato,CO_330,CO_330:0000093,CO_330:0000093,Tuber flesh secondary color,,1,CO_330:0000254
Potato,CO_330,CO_330:0000096,CO_330:0000096,Distribution of secondary tuber flesh color,,1,CO_330:0000255
Potato,CO_330,CO_330:0000099,CO_330:0000099,Tuber shape,,2,CO_330:0000256; CO_330:0000997
Potato,CO_330,CO_330:0000102,CO_330:0000102,Unusual tuber shape,,1,CO_330:0000257
Potato,CO_330,CO_330:0000105,CO_330:0000105,Tuber depth eyes,,1,CO_330:0000258
Potato,CO_330,CO_330:0000111,CO_330:0000111,Predominant sprout color,,1,CO_330:0000259
Potato,CO_330,CO_330:0000114,CO_330:0000114,Secondary sprout color,,1,CO_330:0000260
Potato,CO_330,CO_330:0000117,CO_330:0000117,Distribution of secondary sprout color,,1,CO_330:0000261
Potato,CO_330,CO_330:0000120,CO_330:0000120,Ploidy,,1,CO_330:0000262
Potato,CO_330,CO_330:0000263,CO_330:0000263,Number of tubers planted,,1,CO_330:0000265
Potato,CO_330,CO_330:0000266,CO_330:0000266,Number of emerged plants,,1,CO_330:0000268
Potato,CO_330,CO_330:0000269,CO_330:0000269,Plant uniformity,,1,CO_330:0000272
Potato,CO_330,CO_330:0000273,CO_330:0000273,Plant vigor,,2,CO_330:0000276; CO_330:0000630
Potato,CO_330,CO_330:0000277,CO_330:0000277,Senescence,,2,CO_330:0000280; CO_330:0000631
Potato,CO_330,CO_330:0000281,CO_330:0000281,Plant emergence proportion,,1,CO_330:0000283
Potato,CO_330,CO_330:0000284,CO_330:0000284,Number of harvested plants,,1,CO_330:0000287
Potato,CO_330,CO_330:0000288,CO_330:0000288,Proportion of plants harvested,,1,CO_330:0000290
Potato,CO_330,CO_330:0000291,CO_330:0000291,Number of marketable tubers,,1,CO_330:0000293
Potato,CO_330,CO_330:0000294,CO_330:0000294,Number?of?marketable tubers per plant,,1,CO_330:0000297
Potato,CO_330,CO_330:0000298,CO_330:0000298,Non-marketable tuber number,,1,CO_330:0000300
Potato,CO_330,CO_330:0000301,CO_330:0000301,Tuber number,,1,CO_330:0000304
Potato,CO_330,CO_330:0000108,CO_330:0000108,Tuber number per plant,,1,CO_330:0000305
Potato,CO_330,CO_330:0000306,CO_330:0000306,Marketable tuber weight,,1,CO_330:0000308
Potato,CO_330,CO_330:0000309,CO_330:0000309,Marketable tuber weight per plant,,1,CO_330:0000311
Potato,CO_330,CO_330:0000312,CO_330:0000312,Non-marketable tuber weight,,1,CO_330:0000314
Potato,CO_330,CO_330:0000315,CO_330:0000315,Tuber weight,,2,CO_330:0000317; CO_330:0000843
Potato,CO_330,CO_330:0000318,CO_330:0000318,Tuber weight per plant,,1,CO_330:0000321
Potato,CO_330,CO_330:0000144,CO_330:0000144,Tuber yield no adjusted,,2,CO_330:0000323; CO_330:0000324
Potato,CO_330,CO_330:0000325,CO_330:0000325,Marketable tuber yield adjusted,,1,CO_330:0000327
Potato,CO_330,CO_330:0000328,CO_330:0000328,Marketable tuber yield no adjusted,,1,CO_330:0000330
Potato,CO_330,CO_330:0000331,CO_330:0000331,Average of tuber weight,,1,CO_330:0000333
Potato,CO_330,CO_330:0000334,CO_330:0000334,Average of marketable tuber weight,,1,CO_330:0000336
Potato,CO_330,CO_330:0000337,CO_330:0000337,Number of Stolons,,1,CO_330:0000340
Potato,CO_330,CO_330:0000341,CO_330:0000341,Length of stolons,,2,CO_330:0000344; CO_330:0000632
Potato,CO_330,CO_330:0000345,CO_330:0000345,Tuber appearance,,2,CO_330:0000348; CO_330:0000995
Potato,CO_330,CO_330:0000349,CO_330:0000349,Tuber uniformity,,1,CO_330:0000352
Potato,CO_330,CO_330:0000353,CO_330:0000353,Tuber size,,3,CO_330:0000356; CO_330:0000633; CO_330:0000998
Potato,CO_330,CO_330:0000357,CO_330:0000357,Late Blight severity,,1,CO_330:0000359
Potato,CO_330,CO_330:0000360,CO_330:0000360,Late blight AUDPC,,1,CO_330:0000363
Potato,CO_330,CO_330:0000364,CO_330:0000364,Late blight relative AUDPC,,1,CO_330:0000367
Potato,CO_330,CO_330:0000368,CO_330:0000368,Late blight susceptibility,,1,CO_330:0000371
Potato,CO_330,CO_330:0000123,CO_330:0000123,Late blight resistance,,2,CO_330:0000372; CO_330:0000623
Potato,CO_330,CO_330:0000126,CO_330:0000126,Potato virus X resistance,,1,CO_330:0000373
Potato,CO_330,CO_330:0000129,CO_330:0000129,Potato virus Y resistance,,1,CO_330:0000374
Potato,CO_330,CO_330:0000132,CO_330:0000132,Potatoleaf roll virus resistance,,2,CO_330:0000375; CO_330:0000624
Potato,CO_330,CO_330:0000135,CO_330:0000135,Bacterial wilt resistance,,2,CO_330:0000376; CO_330:0000625
Potato,CO_330,CO_330:0000138,CO_330:0000138,Root knot nematode resistance,,2,CO_330:0000377; CO_330:0000626
Potato,CO_330,CO_330:0000141,CO_330:0000141,Leaf miner fly resistance,,1,CO_330:0000378
Potato,CO_330,CO_330:0000171,CO_330:0000171,Tuber flavor after cooking,,4,CO_330:0000379; CO_330:0000628; CO_330:0000853; CO_330:0000855
Potato,CO_330,CO_330:0000174,CO_330:0000174,Tuber texture after cooking,,3,CO_330:0000380; CO_330:0000629; CO_330:0000862
Potato,CO_330,CO_330:0000180,CO_330:0000180,Tuber cooking quality,,1,CO_330:0000381
Potato,CO_330,CO_330:0000183,CO_330:0000183,Flesh darkening after cooking,,2,CO_330:0000382; CO_330:0000786
Potato,CO_330,CO_330:0000186,CO_330:0000186,Flesh color after cooking,,1,CO_330:0000383
Potato,CO_330,CO_330:0000189,CO_330:0000189,Chips color,,1,CO_330:0000384
Potato,CO_330,CO_330:0000385,CO_330:0000385,French fries color,,3,CO_330:0000388; CO_330:0000792; CO_330:0000795
Potato,CO_330,CO_330:0000195,CO_330:0000195,Tuber cooking time,,1,CO_330:0000389
Potato,CO_330,CO_330:0000192,CO_330:0000192,Tuber dry matter content,,2,CO_330:0000390; CO_330:0001081
Potato,CO_330,CO_330:0000391,CO_330:0000391,Tuber specific gravity,,2,CO_330:0000394; CO_330:0000781
Potato,CO_330,CO_330:0000177,CO_330:0000177,Chips oil absorption rate,,1,CO_330:0000395
Potato,CO_330,CO_330:0000147,CO_330:0000147,Plant growing period,,1,CO_330:0000396
Potato,CO_330,CO_330:0000153,CO_330:0000153,Tuber dormancy period,,2,CO_330:0000397; CO_330:0000996
Potato,CO_330,CO_330:0000159,CO_330:0000159,Tuber sprouting pattern,,1,CO_330:0000398
Potato,CO_330,CO_330:0000162,CO_330:0000162,Heat tolerance,,2,CO_330:0000399; CO_330:0000627
Potato,CO_330,CO_330:0000165,CO_330:0000165,Salinity tolerance,,1,CO_330:0000400
Potato,CO_330,CO_330:0000168,CO_330:0000168,Pollen viability,,1,CO_330:0000401
Potato,CO_330,CO_330:0000201,CO_330:0000201,Tuber Iron concentration in dry weight basis,,2,CO_330:0000402; CO_330:0000404
Potato,CO_330,CO_330:0000405,CO_330:0000405,Tuber Iron concentration in fresh weight basis,,1,CO_330:0000407
Potato,CO_330,CO_330:0000204,CO_330:0000204,Tuber Zinc concentration in dry weight basis,,2,CO_330:0000408; CO_330:0000409
Potato,CO_330,CO_330:0000410,CO_330:0000410,Tuber Zinc concentration in fresh weight basis,,1,CO_330:0000412
Potato,CO_330,CO_330:0000000,CO_330:0000000,Plant growth habit,,1,CO_330:0000223
Potato,CO_330,CO_330:0000003,CO_330:0000003,Flowering degree,,2,CO_330:0000224; CO_330:0000620
Potato,CO_330,CO_330:0000006,CO_330:0000006,Corolla shape,,1,CO_330:0000225
Potato,CO_330,CO_330:0000009,CO_330:0000009,Inflorescence number,,1,CO_330:0000226
Potato,CO_330,CO_330:0000012,CO_330:0000012,Main inflorescence flower number,,1,CO_330:0000227
Potato,CO_330,CO_330:0000015,CO_330:0000015,Anther pigmentation,,1,CO_330:0000228
Potato,CO_330,CO_330:0000018,CO_330:0000018,Pistil pigmentation,,1,CO_330:0000229
Potato,CO_330,CO_330:0000021,CO_330:0000021,Fruit shape,,1,CO_330:0000230
Potato,CO_330,CO_330:0000024,CO_330:0000024,Fruit color,,1,CO_330:0000231
Potato,CO_330,CO_330:0000027,CO_330:0000027,Pedicel color,,1,CO_330:0000232
Potato,CO_330,CO_330:0000030,CO_330:0000030,Calyx color,,1,CO_330:0000233
Potato,CO_330,CO_330:0000033,CO_330:0000033,Seed production per berry,,1,CO_330:0000234
Potato,CO_330,CO_330:0000036,CO_330:0000036,Stigma shape,,1,CO_330:0000235
Potato,CO_330,CO_330:0000039,CO_330:0000039,Leaf shape,,1,CO_330:0000236
Potato,CO_330,CO_330:0000042,CO_330:0000042,Primary lateral leaflet number,,1,CO_330:0000237
Potato,CO_330,CO_330:0000045,CO_330:0000045,Leaf adaxial surface color,,1,CO_330:0000238
Potato,CO_330,CO_330:0000048,CO_330:0000048,Leaf abaxial surface color,,1,CO_330:0000239
Potato,CO_330,CO_330:0000051,CO_330:0000051,Leaf adaxial surface trichome density,,1,CO_330:0000240
Potato,CO_330,CO_330:0000054,CO_330:0000054,Leaf abaxial surface trichome density,,1,CO_330:0000241
Potato,CO_330,CO_330:0000057,CO_330:0000057,Apical leaflet size,,1,CO_330:0000242
Potato,CO_330,CO_330:0000060,CO_330:0000060,Apical leaflet shape,,1,CO_330:0000243
Potato,CO_330,CO_330:0000063,CO_330:0000063,Lateral leaflet shape,,1,CO_330:0000244
Potato,CO_330,CO_330:0000066,CO_330:0000066,Base shape of the terminal leaflets,,1,CO_330:0000245
Potato,CO_330,CO_330:0000069,CO_330:0000069,Apex shape of the terminal leaflets,,1,CO_330:0000246
Potato,CO_330,CO_330:0000072,CO_330:0000072,Main Stem pigmentation,,1,CO_330:0000247
Potato,CO_330,CO_330:0000075,CO_330:0000075,Wing stem shape,,1,CO_330:0000248
Potato,CO_330,CO_330:0000078,CO_330:0000078,Predominant tuber skin color,,2,CO_330:0000249; CO_330:0000621
Potato,CO_330,CO_330:0000081,CO_330:0000081,Tuber skin main color intensity,,1,CO_330:0000250
Potato,CO_330,CO_330:0000084,CO_330:0000084,Tuber skin secondary color,,1,CO_330:0000251
Potato,CO_330,CO_330:0000087,CO_330:0000087,Distribution of secondary tuber skin color,,1,CO_330:0000252
Potato,CO_330,CO_330:0000090,CO_330:0000090,Predominant Tuber flesh color,,2,CO_330:0000253; CO_330:0000622
Potato,CO_330,CO_330:0000093,CO_330:0000093,Tuber flesh secondary color,,1,CO_330:0000254
Potato,CO_330,CO_330:0000096,CO_330:0000096,Distribution of secondary tuber flesh color,,1,CO_330:0000255
Potato,CO_330,CO_330:0000099,CO_330:0000099,Tuber shape,,2,CO_330:0000256; CO_330:0000997
Potato,CO_330,CO_330:0000102,CO_330:0000102,Unusual tuber shape,,1,CO_330:0000257
Potato,CO_330,CO_330:0000105,CO_330:0000105,Tuber depth eyes,,1,CO_330:0000258
Potato,CO_330,CO_330:0000111,CO_330:0000111,Predominant sprout color,,1,CO_330:0000259
Potato,CO_330,CO_330:0000114,CO_330:0000114,Secondary sprout color,,1,CO_330:0000260
Potato,CO_330,CO_330:0000117,CO_330:0000117,Distribution of secondary sprout color,,1,CO_330:0000261
Potato,CO_330,CO_330:0000120,CO_330:0000120,Ploidy,,1,CO_330:0000262
Potato,CO_330,CO_330:0000263,CO_330:0000263,Number of tubers planted,,1,CO_330:0000265
Potato,CO_330,CO_330:0000266,CO_330:0000266,Number of emerged plants,,1,CO_330:0000268
Potato,CO_330,CO_330:0000269,CO_330:0000269,Plant uniformity,,1,CO_330:0000272
Potato,CO_330,CO_330:0000273,CO_330:0000273,Plant vigor,,2,CO_330:0000276; CO_330:0000630
Potato,CO_330,CO_330:0000277,CO_330:0000277,Senescence,,2,CO_330:0000280; CO_330:0000631
Potato,CO_330,CO_330:0000281,CO_330:0000281,Plant emergence proportion,,1,CO_330:0000283
Potato,CO_330,CO_330:0000284,CO_330:0000284,Number of harvested plants,,1,CO_330:0000287
Potato,CO_330,CO_330:0000288,CO_330:0000288,Proportion of plants harvested,,1,CO_330:0000290
Potato,CO_330,CO_330:0000291,CO_330:0000291,Number of marketable tubers,,1,CO_330:0000293
Potato,CO_330,CO_330:0000294,CO_330:0000294,Number?of?marketable tubers per plant,,1,CO_330:0000297
Potato,CO_330,CO_330:0000298,CO_330:0000298,Non-marketable tuber number,,1,CO_330:0000300
Potato,CO_330,CO_330:0000301,CO_330:0000301,Tuber number,,1,CO_330:0000304
Potato,CO_330,CO_330:0000108,CO_330:0000108,Tuber number per plant,,1,CO_330:0000305
Potato,CO_330,CO_330:0000306,CO_330:0000306,Marketable tuber weight,,1,CO_330:0000308
Potato,CO_330,CO_330:0000309,CO_330:0000309,Marketable tuber weight per plant,,1,CO_330:0000311
Potato,CO_330,CO_330:0000312,CO_330:0000312,Non-marketable tuber weight,,1,CO_330:0000314
Potato,CO_330,CO_330:0000315,CO_330:0000315,Tuber weight,,2,CO_330:0000317; CO_330:0000843
Potato,CO_330,CO_330:0000318,CO_330:0000318,Tuber weight per plant,,1,CO_330:0000321
Potato,CO_330,CO_330:0000144,CO_330:0000144,Tuber yield no adjusted,,2,CO_330:0000323; CO_330:0000324
Potato,CO_330,CO_330:0000325,CO_330:0000325,Marketable tuber yield adjusted,,1,CO_330:0000327
Potato,CO_330,CO_330:0000328,CO_330:0000328,Marketable tuber yield no adjusted,,1,CO_330:0000330
Potato,CO_330,CO_330:0000331,CO_330:0000331,Average of tuber weight,,1,CO_330:0000333
Potato,CO_330,CO_330:0000334,CO_330:0000334,Average of marketable tuber weight,,1,CO_330:0000336
Potato,CO_330,CO_330:0000337,CO_330:0000337,Number of Stolons,,1,CO_330:0000340
Potato,CO_330,CO_330:0000341,CO_330:0000341,Length of stolons,,2,CO_330:0000344; CO_330:0000632
Potato,CO_330,CO_330:0000345,CO_330:0000345,Tuber appearance,,2,CO_330:0000348; CO_330:0000995
Potato,CO_330,CO_330:0000349,CO_330:0000349,Tuber uniformity,,1,CO_330:0000352
Potato,CO_330,CO_330:0000353,CO_330:0000353,Tuber size,,3,CO_330:0000356; CO_330:0000633; CO_330:0000998
Potato,CO_330,CO_330:0000357,CO_330:0000357,Late Blight severity,,1,CO_330:0000359
Potato,CO_330,CO_330:0000360,CO_330:0000360,Late blight AUDPC,,1,CO_330:0000363
Potato,CO_330,CO_330:0000364,CO_330:0000364,Late blight relative AUDPC,,1,CO_330:0000367
Potato,CO_330,CO_330:0000368,CO_330:0000368,Late blight susceptibility,,1,CO_330:0000371
Potato,CO_330,CO_330:0000123,CO_330:0000123,Late blight resistance,,2,CO_330:0000372; CO_330:0000623
Potato,CO_330,CO_330:0000126,CO_330:0000126,Potato virus X resistance,,1,CO_330:0000373
Potato,CO_330,CO_330:0000129,CO_330:0000129,Potato virus Y resistance,,1,CO_330:0000374
Potato,CO_330,CO_330:0000132,CO_330:0000132,Potatoleaf roll virus resistance,,2,CO_330:0000375; CO_330:0000624
Potato,CO_330,CO_330:0000135,CO_330:0000135,Bacterial wilt resistance,,2,CO_330:0000376; CO_330:0000625
Potato,CO_330,CO_330:0000138,CO_330:0000138,Root knot nematode resistance,,2,CO_330:0000377; CO_330:0000626
Potato,CO_330,CO_330:0000141,CO_330:0000141,Leaf miner fly resistance,,1,CO_330:0000378
Potato,CO_330,CO_330:0000171,CO_330:0000171,Tuber flavor after cooking,,4,CO_330:0000379; CO_330:0000628; CO_330:0000853; CO_330:0000855
Potato,CO_330,CO_330:0000174,CO_330:0000174,Tuber texture after cooking,,3,CO_330:0000380; CO_330:0000629; CO_330:0000862
Potato,CO_330,CO_330:0000180,CO_330:0000180,Tuber cooking quality,,1,CO_330:0000381
Potato,CO_330,CO_330:0000183,CO_330:0000183,Flesh darkening after cooking,,2,CO_330:0000382; CO_330:0000786
Potato,CO_330,CO_330:0000186,CO_330:0000186,Flesh color after cooking,,1,CO_330:0000383
Potato,CO_330,CO_330:0000189,CO_330:0000189,Chips color,,1,CO_330:0000384
Potato,CO_330,CO_330:0000385,CO_330:0000385,French fries color,,3,CO_330:0000388; CO_330:0000792; CO_330:0000795
Potato,CO_330,CO_330:0000195,CO_330:0000195,Tuber cooking time,,1,CO_330:0000389
Potato,CO_330,CO_330:0000192,CO_330:0000192,Tuber dry matter content,,2,CO_330:0000390; CO_330:0001081
Potato,CO_330,CO_330:0000391,CO_330:0000391,Tuber specific gravity,,2,CO_330:0000394; CO_330:0000781
Potato,CO_330,CO_330:0000177,CO_330:0000177,Chips oil absorption rate,,1,CO_330:0000395
Potato,CO_330,CO_330:0000147,CO_330:0000147,Plant growing period,,1,CO_330:0000396
Potato,CO_330,CO_330:0000153,CO_330:0000153,Tuber dormancy period,,2,CO_330:0000397; CO_330:0000996
Potato,CO_330,CO_330:0000159,CO_330:0000159,Tuber sprouting pattern,,1,CO_330:0000398
Potato,CO_330,CO_330:0000162,CO_330:0000162,Heat tolerance,,2,CO_330:0000399; CO_330:0000627
Potato,CO_330,CO_330:0000165,CO_330:0000165,Salinity tolerance,,1,CO_330:0000400
Potato,CO_330,CO_330:0000168,CO_330:0000168,Pollen viability,,1,CO_330:0000401
Potato,CO_330,CO_330:0000201,CO_330:0000201,Tuber Iron concentration in dry weight basis,,2,CO_330:0000402; CO_330:0000404
Potato,CO_330,CO_330:0000405,CO_330:0000405,Tuber Iron concentration in fresh weight basis,,1,CO_330:0000407
Potato,CO_330,CO_330:0000204,CO_330:0000204,Tuber Zinc concentration in dry weight basis,,2,CO_330:0000408; CO_330:0000409
Potato,CO_330,CO_330:0000410,CO_330:0000410,Tuber Zinc concentration in fresh weight basis,,1,CO_330:0000412
Potato,CO_330,CO_330:0000413,CO_330:0000413,Tuber Anthocyanin concentration in dry weight basis,,1,CO_330:0000414
Potato,CO_330,CO_330:0000415,CO_330:0000415,Tuber Anthocyanin concentration in fresh weight basis,,1,CO_330:0000417
Potato,CO_330,CO_330:0000210,CO_330:0000210,Tuber Hydrophilic antioxidant activity in dry weight basis,,1,CO_330:0000418
Potato,CO_330,CO_330:0000419,CO_330:0000419,Tuber Hydrophilic antioxidant activity in fresh weight basis,,1,CO_330:0000421
Potato,CO_330,CO_330:0000213,CO_330:0000213,Tuber Lipophilic antioxidant activity in dry weight basis,,1,CO_330:0000422
Potato,CO_330,CO_330:0000423,CO_330:0000423,Tuber Lipophilic antioxidant activity in fresh weight basis,,1,CO_330:0000425
Potato,CO_330,CO_330:0000198,CO_330:0000198,Tuber Ascorbic acid concentration in dry weight basis,,1,CO_330:0000426
Potato,CO_330,CO_330:0000427,CO_330:0000427,Tuber Ascorbic acid concentration in fresh weight basis,,1,CO_330:0000429
Potato,CO_330,CO_330:0000430,CO_330:0000430,Tuber protein content,,1,CO_330:0000432
Potato,CO_330,CO_330:0000433,CO_330:0000433,Tuber starch content,,1,CO_330:0000435
Potato,CO_330,CO_330:0000436,CO_330:0000436,Tuber fructose content,,1,CO_330:0000438
Potato,CO_330,CO_330:0000439,CO_330:0000439,Tuber glucose concentration,,3,CO_330:0000441; CO_330:0000858; CO_330:0001030
Potato,CO_330,CO_330:0000442,CO_330:0000442,Tuber sucrose content,,1,CO_330:0000444
Potato,CO_330,CO_330:0000445,CO_330:0000445,Tuber maltose content,,1,CO_330:0000447
Potato,CO_330,CO_330:0000448,CO_330:0000448,Tuber fiber content,,1,CO_330:0000450
Potato,CO_330,CO_330:0000451,CO_330:0000451,Marketable quality,,2,CO_330:0000634; CO_330:0000635
Potato,CO_330,CO_330:0000452,CO_330:0000452,Farmers preference at flowering,,2,CO_330:0000636; CO_330:0000637
Potato,CO_330,CO_330:0000453,CO_330:0000453,Farmers preference  at harvest,,2,CO_330:0000638; CO_330:0000639
Potato,CO_330,CO_330:0000454,CO_330:0000454,Farmers preference at postharvest,,2,CO_330:0000640; CO_330:0000641
Potato,CO_330,CO_330:0000456,CO_330:0000456,Tuber calcium concentration,,2,CO_330:0000642; CO_330:0000643
Potato,CO_330,CO_330:0000457,CO_330:0000457,Tuber magnesium concentration,,2,CO_330:0000644; CO_330:0000645
Potato,CO_330,CO_330:0000458,CO_330:0000458,Tuber potassium concentration,,2,CO_330:0000646; CO_330:0000647
Potato,CO_330,CO_330:0000459,CO_330:0000459,Tuber phosphorus concentration,,2,CO_330:0000648; CO_330:0000649
Potato,CO_330,CO_330:0000460,CO_330:0000460,Tuber sulfur concentration,,2,CO_330:0000650; CO_330:0000651
Potato,CO_330,CO_330:0000461,CO_330:0000461,Tuber chlorogenic acid concentration,,2,CO_330:0000652; CO_330:0000653
Potato,CO_330,CO_330:0000462,CO_330:0000462,Tuber caffeic acid concentration,,2,CO_330:0000654; CO_330:0000655
Potato,CO_330,CO_330:0000463,CO_330:0000463,Tuber tryptophan concentration,,2,CO_330:0000656; CO_330:0000657
Potato,CO_330,CO_330:0000464,CO_330:0000464,Tuber total phenolic concentration,,2,CO_330:0000658; CO_330:0000659
Potato,CO_330,CO_330:0000465,CO_330:0000465,Tuber glycoalkaloid concentration,,2,CO_330:0000660; CO_330:0000661
Potato,CO_330,CO_330:0000466,CO_330:0000466,Tuber violaxanthin concentration,,2,CO_330:0000662; CO_330:0000663
Potato,CO_330,CO_330:0000467,CO_330:0000467,Tuber antheraxanthin concentration,,2,CO_330:0000664; CO_330:0000665
Potato,CO_330,CO_330:0000468,CO_330:0000468,Tuber lutein concentration,,2,CO_330:0000666; CO_330:0000667
Potato,CO_330,CO_330:0000469,CO_330:0000469,Tuber zeaxanthine concentration,,2,CO_330:0000668; CO_330:0000669
Potato,CO_330,CO_330:0000470,CO_330:0000470,Tuber beta-carotene concentration,,2,CO_330:0000670; CO_330:0000671
Potato,CO_330,CO_330:0000471,CO_330:0000471,Tuber neoxanthine concentration,,2,CO_330:0000672; CO_330:0000673
Potato,CO_330,CO_330:0000472,CO_330:0000472,Tuber total carotenoid concentration,,2,CO_330:0000674; CO_330:0000675
Potato,CO_330,CO_330:0000474,CO_330:0000474,Identified criteria at flowering,,1,CO_330:0000676
Potato,CO_330,CO_330:0000475,CO_330:0000475,Identified criteria at harvest,,1,CO_330:0000677
Potato,CO_330,CO_330:0000476,CO_330:0000476,Identified criteria  at post-harvest,,1,CO_330:0000678
Potato,CO_330,CO_330:0000477,CO_330:0000477,Plant architecture,,1,CO_330:0000679
Potato,CO_330,CO_330:0000478,CO_330:0000478,Foliage color,,1,CO_330:0000680
Potato,CO_330,CO_330:0000479,CO_330:0000479,Leaf type,,1,CO_330:0000681
Potato,CO_330,CO_330:0000480,CO_330:0000480,Flower color,,1,CO_330:0000682
Potato,CO_330,CO_330:0000481,CO_330:0000481,Rizoctoniasis Resistance,,1,CO_330:0000683
Potato,CO_330,CO_330:0000482,CO_330:0000482,Mosaic virus resistance,,1,CO_330:0000684
Potato,CO_330,CO_330:0000483,CO_330:0000483,Reaction to Moth,,1,CO_330:0000685
Potato,CO_330,CO_330:0000484,CO_330:0000484,Reaction to Aphids,,1,CO_330:0000686
Potato,CO_330,CO_330:0000485,CO_330:0000485,Reaction to potato weevil,,1,CO_330:0000687
Potato,CO_330,CO_330:0000486,CO_330:0000486,Drought tolerance,,1,CO_330:0000688
Potato,CO_330,CO_330:0000487,CO_330:0000487,Hailstorm tolerance,,1,CO_330:0000689
Potato,CO_330,CO_330:0000488,CO_330:0000488,Frost tolerant,,1,CO_330:0000690
Potato,CO_330,CO_330:0000489,CO_330:0000489,Moisture  tolerance,,1,CO_330:0000691
Potato,CO_330,CO_330:0000490,CO_330:0000490,Number of eyes,,1,CO_330:0000692
Potato,CO_330,CO_330:0000491,CO_330:0000491,Tuber skin texture,,1,CO_330:0000693
Potato,CO_330,CO_330:0000492,CO_330:0000492,Home consumption,,1,CO_330:0000694
Potato,CO_330,CO_330:0000493,CO_330:0000493,Earliness of sprouting,,1,CO_330:0000695
Potato,CO_330,CO_330:0000494,CO_330:0000494,Sprout type,,1,CO_330:0000696
Potato,CO_330,CO_330:0000495,CO_330:0000495,Global Farmer preference,,1,CO_330:0000697
Potato,CO_330,CO_330:0000496,CO_330:0000496,Appearance after cooking,,1,CO_330:0000698
Potato,CO_330,CO_330:0000703,CO_330:0000703,Canopy cover,,3,CO_330:0000728; CO_330:0000730; CO_330:0000732
Potato,CO_330,CO_330:0000733,CO_330:0000733,Harvest index,,2,CO_330:0000735; CO_330:0000738
Potato,CO_330,CO_330:0000739,CO_330:0000739,Relative water content,,1,CO_330:0000741
Potato,CO_330,CO_330:0000707,CO_330:0000707,French fries texture,,2,CO_330:0000743; CO_330:0000745
Potato,CO_330,CO_330:0000705,CO_330:0000705,Canopy temperature,,3,CO_330:0000747; CO_330:0000749; CO_330:0000751
Potato,CO_330,CO_330:0000706,CO_330:0000706,Canopy temperature depression,,2,CO_330:0000753; CO_330:0000755
Potato,CO_330,CO_330:0000756,CO_330:0000756,Plant height,,1,CO_330:0000758
Potato,CO_330,CO_330:0000759,CO_330:0000759,Root diameter,,1,CO_330:0000761
Potato,CO_330,CO_330:0000762,CO_330:0000762,Root length,,1,CO_330:0000764
Potato,CO_330,CO_330:0000709,CO_330:0000709,Leaflet area,,3,CO_330:0000765; CO_330:0000766; CO_330:0000812
Potato,CO_330,CO_330:0000767,CO_330:0000767,Drought stress intensity,,1,CO_330:0000769
Potato,CO_330,CO_330:0000770,CO_330:0000770,Degree of canopy wilting,,1,CO_330:0000773
Potato,CO_330,CO_330:0000774,CO_330:0000774,Drought susceptibility index,,1,CO_330:0000776
Potato,CO_330,CO_330:0000777,CO_330:0000777,Drought tolerance index,,2,CO_330:0000779; CO_330:0000837
Potato,CO_330,CO_330:0000782,CO_330:0000782,Water use efficiency,,1,CO_330:0000784
Potato,CO_330,CO_330:0000787,CO_330:0000787,French fries appearance,,1,CO_330:0000790
Potato,CO_330,CO_330:0000700,CO_330:0000700,Shoot system dry matter content,,2,CO_330:0000796; CO_330:0000814
Potato,CO_330,CO_330:0000701,CO_330:0000701,Biomass dry matter content,,2,CO_330:0000797; CO_330:0000827
Potato,CO_330,CO_330:0000702,CO_330:0000702,Biomass weight,,4,CO_330:0000798; CO_330:0000799; CO_330:0000828; CO_330:0000829
Potato,CO_330,CO_330:0000708,CO_330:0000708,Leaf chlorophyll content,,3,CO_330:0000802; CO_330:0000805; CO_330:0000808
Potato,CO_330,CO_330:0000711,CO_330:0000711,Root system Dry matter content,,2,CO_330:0000813; CO_330:0000830
Potato,CO_330,CO_330:0000815,CO_330:0000815,Leaflet turgid weight,,1,CO_330:0000818
Potato,CO_330,CO_330:0000819,CO_330:0000819,Plant disease incidence,,1,CO_330:0000822
Potato,CO_330,CO_330:0000823,CO_330:0000823,Plant evapotranspiration,,1,CO_330:0000826
Potato,CO_330,CO_330:0000831,CO_330:0000831,Root density,,1,CO_330:0000834
Potato,CO_330,CO_330:0000710,CO_330:0000710,Plant productivity,,2,CO_330:0000839; CO_330:0000841
Potato,CO_330,CO_330:0000844,CO_330:0000844,Stem diameter,,1,CO_330:0000847
Potato,CO_330,CO_330:0000848,CO_330:0000848,Stem number,,1,CO_330:0000851
Potato,CO_330,CO_330:0000704,CO_330:0000704,Canopy reflectance,,3,CO_330:0000860; CO_330:0000864; CO_330:0000866
Potato,CO_330,CO_330:0000869,CO_330:0000869,Tuber overall quality,,1,CO_330:0000868
Potato,CO_330,CO_330:0000873,CO_330:0000873,Plant pest incidence,,1,CO_330:0000872
Potato,CO_330,CO_330:0000875,CO_330:0000875,Maturity time,,1,CO_330:0000874
Potato,CO_330,CO_330:0000877,CO_330:0000877,Marketable quality after harvest,,1,CO_330:0000876
Potato,CO_330,CO_330:0000879,CO_330:0000879,Marketable quality after storage,,1,CO_330:0000878
Potato,CO_330,CO_330:0000903,CO_330:0000903,Boiled potato moisture release,,1,CO_330:0000880
Potato,CO_330,CO_330:0000904,CO_330:0000904,Boiled potato bitter aftertaste,,1,CO_330:0000881
Potato,CO_330,CO_330:0000905,CO_330:0000905,Boiled potato crunchiness,,1,CO_330:0000882
Potato,CO_330,CO_330:0000906,CO_330:0000906,Boiled potato translucency,,1,CO_330:0000883
Potato,CO_330,CO_330:0000907,CO_330:0000907,Boiled potato cohesiveness (moldability),,1,CO_330:0000884
Potato,CO_330,CO_330:0000908,CO_330:0000908,Boiled potato cooked carrot aroma,,1,CO_330:0000885
Potato,CO_330,CO_330:0000909,CO_330:0000909,Boiled potato fracturability in mouth,,1,CO_330:0000886
Sweet Potato,CO_331,CO_331:0000001,CO_331:0000001,Plant type,,1,CO_331:0000147
Sweet Potato,CO_331,CO_331:0000004,CO_331:0000004,Ground cover,,1,CO_331:0000148
Sweet Potato,CO_331,CO_331:0000007,CO_331:0000007,Twining,,1,CO_331:0000149
Sweet Potato,CO_331,CO_331:0000010,CO_331:0000010,Vine predominant color,,1,CO_331:0000150
Sweet Potato,CO_331,CO_331:0000013,CO_331:0000013,Vine secondary color,,1,CO_331:0000151
Sweet Potato,CO_331,CO_331:0000016,CO_331:0000016,Vine tips pubescence,,1,CO_331:0000152
Sweet Potato,CO_331,CO_331:0000153,CO_331:0000153,Vine internode length,,2,CO_331:0000156; CO_331:0001032
Sweet Potato,CO_331,CO_331:0000157,CO_331:0000157,Vine internode diameter,,1,CO_331:0000160
Sweet Potato,CO_331,CO_331:0000019,CO_331:0000019,Leaf general outline,,1,CO_331:0000161
Sweet Potato,CO_331,CO_331:0000022,CO_331:0000022,Leaf lobe type,,1,CO_331:0000162
Sweet Potato,CO_331,CO_331:0000025,CO_331:0000025,Leaf lobe number,,1,CO_331:0000163
Sweet Potato,CO_331,CO_331:0000028,CO_331:0000028,Leaf central lobe shape,,1,CO_331:0000164
Sweet Potato,CO_331,CO_331:0000031,CO_331:0000031,Mature leaf size,,2,CO_331:0000165; CO_331:0001031
Sweet Potato,CO_331,CO_331:0000034,CO_331:0000034,Abaxial leaf vein pigmentation,,1,CO_331:0000166
Sweet Potato,CO_331,CO_331:0000037,CO_331:0000037,Mature leaf color,,1,CO_331:0000167
Sweet Potato,CO_331,CO_331:0000040,CO_331:0000040,Immature leaf color,,1,CO_331:0000168
Sweet Potato,CO_331,CO_331:0000043,CO_331:0000043,Petiole pigmentation,,1,CO_331:0000169
Sweet Potato,CO_331,CO_331:0000170,CO_331:0000170,Petiole length,,1,CO_331:0000173
Sweet Potato,CO_331,CO_331:0000046,CO_331:0000046,Flower color,,1,CO_331:0000174
Sweet Potato,CO_331,CO_331:0000049,CO_331:0000049,Storage root skin predominant color,,2,CO_331:0000175; CO_331:0000780
Sweet Potato,CO_331,CO_331:0000052,CO_331:0000052,Storage root skin intensity of predominant color,,1,CO_331:0000176
Sweet Potato,CO_331,CO_331:0000055,CO_331:0000055,Storage root skin secondary skin color,,1,CO_331:0000177
Sweet Potato,CO_331,CO_331:0000058,CO_331:0000058,Storage root predominant Flesh color,,1,CO_331:0000178
Sweet Potato,CO_331,CO_331:0000061,CO_331:0000061,Storage root flesh secondary color,,1,CO_331:0000179
Sweet Potato,CO_331,CO_331:0000064,CO_331:0000064,Storage root flesh distribution of secondary color,,1,CO_331:0000180
Sweet Potato,CO_331,CO_331:0000067,CO_331:0000067,Storage root primary shape,,2,CO_331:0000181; CO_331:0000774
Sweet Potato,CO_331,CO_331:0000070,CO_331:0000070,Storage root latex production,,1,CO_331:0000182
Sweet Potato,CO_331,CO_331:0000073,CO_331:0000073,Storage root oxidation,,1,CO_331:0000183
Sweet Potato,CO_331,CO_331:0000076,CO_331:0000076,Storage root size,,1,CO_331:0000184
Sweet Potato,CO_331,CO_331:0000189,CO_331:0000189,Number of plants established,,1,CO_331:0000192
Sweet Potato,CO_331,CO_331:0000094,CO_331:0000094,Virus symptoms,,1,CO_331:0000193
Sweet Potato,CO_331,CO_331:0000194,CO_331:0000194,Vine vigor,,1,CO_331:0000197
Sweet Potato,CO_331,CO_331:0000091,CO_331:0000091,Reaction to Alternaria spp,,1,CO_331:0000198
Sweet Potato,CO_331,CO_331:0000199,CO_331:0000199,Storage root appearance,,2,CO_331:0000202; CO_331:0000793
Sweet Potato,CO_331,CO_331:0000203,CO_331:0000203,Storage root damage,,1,CO_331:0000206
Sweet Potato,CO_331,CO_331:0000088,CO_331:0000088,Reaction to sweet potato weevil,,1,CO_331:0000207
Sweet Potato,CO_331,CO_331:0000208,CO_331:0000208,Number of plants with storage roots,,1,CO_331:0000211
Sweet Potato,CO_331,CO_331:0000212,CO_331:0000212,Number of commercial storage roots,,3,CO_331:0000214; CO_331:0000993; CO_331:2000036
Sweet Potato,CO_331,CO_331:0000215,CO_331:0000215,Number of non-commercial storage roots,,1,CO_331:0000217
Sweet Potato,CO_331,CO_331:0000218,CO_331:0000218,Weight of commercial storage roots,,1,CO_331:0000220
Sweet Potato,CO_331,CO_331:0000221,CO_331:0000221,Weight of non-commercial storage roots,,1,CO_331:0000223
Sweet Potato,CO_331,CO_331:0000224,CO_331:0000224,Vine weight,,3,CO_331:0000227; CO_331:0000990; CO_331:0000991
Sweet Potato,CO_331,CO_331:0000079,CO_331:0000079,Number of storage roots,,3,CO_331:0000230; CO_331:0000233; CO_331:0000994
Sweet Potato,CO_331,CO_331:0000234,CO_331:0000234,Total storage root weight,,1,CO_331:0000237
Sweet Potato,CO_331,CO_331:0000097,CO_331:0000097,Storage root cracking,,1,CO_331:0000239
Sweet Potato,CO_331,CO_331:0000240,CO_331:0000240,Fresh weight of the storage root,,1,CO_331:0000243
Sweet Potato,CO_331,CO_331:0000244,CO_331:0000244,Dry weight of the storage root,,1,CO_331:0000247
Sweet Potato,CO_331,CO_331:0000248,CO_331:0000248,Fresh weight of vines,,1,CO_331:0000251
Sweet Potato,CO_331,CO_331:0000252,CO_331:0000252,Dry weight of vines,,1,CO_331:0000255
Sweet Potato,CO_331,CO_331:0000256,CO_331:0000256,Boiled storage root fiber content,,1,CO_331:0000259
Sweet Potato,CO_331,CO_331:0000130,CO_331:0000130,Storage root fiber content,,2,CO_331:0000260; CO_331:0001038
Sweet Potato,CO_331,CO_331:0000139,CO_331:0000139,Boiled storage root flesh sweetness,,1,CO_331:0000261
Sweet Potato,CO_331,CO_331:0000136,CO_331:0000136,Storage root flesh texture,,2,CO_331:0000263; CO_331:0000265
Sweet Potato,CO_331,CO_331:0000266,CO_331:0000266,Boiled storage root flesh taste,,1,CO_331:0000269
Sweet Potato,CO_331,CO_331:0000270,CO_331:0000270,Boiled storage root appearance,,1,CO_331:0000273
Sweet Potato,CO_331,CO_331:0000274,CO_331:0000274,Sprouting ability,,1,CO_331:0000277
Sweet Potato,CO_331,CO_331:0000100,CO_331:0000100,Storage root protein content in dry weight basis,,2,CO_331:0000278; CO_331:0001009
Sweet Potato,CO_331,CO_331:0002079,CO_331:0002079,Storage root iron concentration in fresh weight basis,,2,CO_331:0000279; CO_331:0001036
Sweet Potato,CO_331,CO_331:0002054,CO_331:0002054,Storage root zinc concentration in fresh weight basis,,2,CO_331:0000280; CO_331:0001037
Sweet Potato,CO_331,CO_331:0002053,CO_331:0002053,Storage root calcium concentration in fresh weight basis,,2,CO_331:0000284; CO_331:0001039
Sweet Potato,CO_331,CO_331:0002057,CO_331:0002057,Storage root magnesium concentration in fresh weight basis,,2,CO_331:0000288; CO_331:0001040
Sweet Potato,CO_331,CO_331:0002051,CO_331:0002051,Storage root beta-carotene concentration in dry weight basis,,3,CO_331:0000289; CO_331:0001018; CO_331:0001019
Sweet Potato,CO_331,CO_331:0002052,CO_331:0002052,Storage root total carotenoid concentration in dry weight basis,,3,CO_331:0000290; CO_331:0001024; CO_331:0001025
Sweet Potato,CO_331,CO_331:0000115,CO_331:0000115,Storage root starch content in dry weight basis,,2,CO_331:0000291; CO_331:2000027
Sweet Potato,CO_331,CO_331:0000118,CO_331:0000118,Storage root fructose content,,2,CO_331:0000292; CO_331:2000031
Sweet Potato,CO_331,CO_331:0000121,CO_331:0000121,Storage root glucose content,,2,CO_331:0000293; CO_331:2000030
Sweet Potato,CO_331,CO_331:0000124,CO_331:0000124,Storage root sucrose content,,2,CO_331:0000294; CO_331:2000028
Sweet Potato,CO_331,CO_331:0000127,CO_331:0000127,Storage root maltose content,,2,CO_331:0000295; CO_331:2000029
Sweet Potato,CO_331,CO_331:0000082,CO_331:0000082,Total storage roots yield,,1,CO_331:0000296
Sweet Potato,CO_331,CO_331:0000142,CO_331:0000142,Storage root dry matter content,,1,CO_331:0000297
Sweet Potato,CO_331,CO_331:0000298,CO_331:0000298,Survival index,,1,CO_331:0000301
Sweet Potato,CO_331,CO_331:0000085,CO_331:0000085,Harvest index,,1,CO_331:0000302
Sweet Potato,CO_331,CO_331:0002056,CO_331:0002056,Overall disease symptoms of the storage root,,1,CO_331:0000600
Sweet Potato,CO_331,CO_331:0000601,CO_331:0000601,Weight of total storage roots,,1,CO_331:0000609
Sweet Potato,CO_331,CO_331:0000602,CO_331:0000602,Weight of canner storage roots,,1,CO_331:0000610
Sweet Potato,CO_331,CO_331:0000603,CO_331:0000603,Weight of jumbo storage roots,,1,CO_331:0000611
Sweet Potato,CO_331,CO_331:0000604,CO_331:0000604,Weight of cull storage roots,,1,CO_331:0000612
Sweet Potato,CO_331,CO_331:0000605,CO_331:0000605,Weight of 90 count US no. 1 storage roots,,1,CO_331:0000613
Sweet Potato,CO_331,CO_331:0000606,CO_331:0000606,Weight of 55 count US no. 1 storage roots,,1,CO_331:0000614
Sweet Potato,CO_331,CO_331:0000607,CO_331:0000607,Weight of 40 count US no. 1 storage roots,,1,CO_331:0000615
Sweet Potato,CO_331,CO_331:0000608,CO_331:0000608,Weight of 32 count US no. 1 storage roots,,1,CO_331:0000616
Sweet Potato,CO_331,CO_331:0000303,CO_331:0000303,Number of plants planted,,1,CO_331:0000678
Sweet Potato,CO_331,CO_331:0000304,CO_331:0000304,Number of plants harvested,,1,CO_331:0000679
Sweet Potato,CO_331,CO_331:0000308,CO_331:0000308,Average commercial storage root weight,,1,CO_331:0000680
Sweet Potato,CO_331,CO_331:0000309,CO_331:0000309,Storage roots yield,,2,CO_331:0000681; CO_331:0000989
Sweet Potato,CO_331,CO_331:0000310,CO_331:0000310,Proportion of commercial storage roots,,1,CO_331:0000682
Sweet Potato,CO_331,CO_331:0000311,CO_331:0000311,Biomass yield,,2,CO_331:0000683; CO_331:0001003
Sweet Potato,CO_331,CO_331:0000312,CO_331:0000312,Total foliage yield,,1,CO_331:0000684
Sweet Potato,CO_331,CO_331:0000103,CO_331:0000103,Storage root iron concentration in dry weight basis,,2,CO_331:0000685; CO_331:0001016
Sweet Potato,CO_331,CO_331:0000106,CO_331:0000106,Storage root zinc concentration in dry weight basis,,2,CO_331:0000686; CO_331:0001017
Sweet Potato,CO_331,CO_331:0000281,CO_331:0000281,Storage root calcium concentration in dry weight basis,,2,CO_331:0000687; CO_331:0001029
Sweet Potato,CO_331,CO_331:0000285,CO_331:0000285,Storage root magnesium concentration in dry weight basis,,2,CO_331:0000688; CO_331:0001030
Sweet Potato,CO_331,CO_331:0000133,CO_331:0000133,Flesh color of boiled storage roots,,1,CO_331:0000689
Sweet Potato,CO_331,CO_331:0000423,CO_331:0000423,Storage root surface primary defects,,2,CO_331:0000690; CO_331:0000790
Sweet Potato,CO_331,CO_331:0000327,CO_331:0000327,Storage root Cortex Thickness,,1,CO_331:0000691
Sweet Potato,CO_331,CO_331:0000328,CO_331:0000328,Flowering habit,,1,CO_331:0000692
Sweet Potato,CO_331,CO_331:0000329,CO_331:0000329,Flower size,,1,CO_331:0000693
Sweet Potato,CO_331,CO_331:0000330,CO_331:0000330,Flower limb shape,,1,CO_331:0000694
Sweet Potato,CO_331,CO_331:0000331,CO_331:0000331,Equality of sepal length,,1,CO_331:0000695
Sweet Potato,CO_331,CO_331:0000332,CO_331:0000332,Number of sepal veins,,1,CO_331:0000696
Sweet Potato,CO_331,CO_331:0000001,CO_331:0000001,Plant type,,1,CO_331:0000147
Sweet Potato,CO_331,CO_331:0000004,CO_331:0000004,Ground cover,,1,CO_331:0000148
Sweet Potato,CO_331,CO_331:0000007,CO_331:0000007,Twining,,1,CO_331:0000149
Sweet Potato,CO_331,CO_331:0000010,CO_331:0000010,Vine predominant color,,1,CO_331:0000150
Sweet Potato,CO_331,CO_331:0000013,CO_331:0000013,Vine secondary color,,1,CO_331:0000151
Sweet Potato,CO_331,CO_331:0000016,CO_331:0000016,Vine tips pubescence,,1,CO_331:0000152
Sweet Potato,CO_331,CO_331:0000153,CO_331:0000153,Vine internode length,,2,CO_331:0000156; CO_331:0001032
Sweet Potato,CO_331,CO_331:0000157,CO_331:0000157,Vine internode diameter,,1,CO_331:0000160
Sweet Potato,CO_331,CO_331:0000019,CO_331:0000019,Leaf general outline,,1,CO_331:0000161
Sweet Potato,CO_331,CO_331:0000022,CO_331:0000022,Leaf lobe type,,1,CO_331:0000162
Sweet Potato,CO_331,CO_331:0000025,CO_331:0000025,Leaf lobe number,,1,CO_331:0000163
Sweet Potato,CO_331,CO_331:0000028,CO_331:0000028,Leaf central lobe shape,,1,CO_331:0000164
Sweet Potato,CO_331,CO_331:0000031,CO_331:0000031,Mature leaf size,,2,CO_331:0000165; CO_331:0001031
Sweet Potato,CO_331,CO_331:0000034,CO_331:0000034,Abaxial leaf vein pigmentation,,1,CO_331:0000166
Sweet Potato,CO_331,CO_331:0000037,CO_331:0000037,Mature leaf color,,1,CO_331:0000167
Sweet Potato,CO_331,CO_331:0000040,CO_331:0000040,Immature leaf color,,1,CO_331:0000168
Sweet Potato,CO_331,CO_331:0000043,CO_331:0000043,Petiole pigmentation,,1,CO_331:0000169
Sweet Potato,CO_331,CO_331:0000170,CO_331:0000170,Petiole length,,1,CO_331:0000173
Sweet Potato,CO_331,CO_331:0000046,CO_331:0000046,Flower color,,1,CO_331:0000174
Sweet Potato,CO_331,CO_331:0000049,CO_331:0000049,Storage root skin predominant color,,2,CO_331:0000175; CO_331:0000780
Sweet Potato,CO_331,CO_331:0000052,CO_331:0000052,Storage root skin intensity of predominant color,,1,CO_331:0000176
Sweet Potato,CO_331,CO_331:0000055,CO_331:0000055,Storage root skin secondary skin color,,1,CO_331:0000177
Sweet Potato,CO_331,CO_331:0000058,CO_331:0000058,Storage root predominant Flesh color,,1,CO_331:0000178
Sweet Potato,CO_331,CO_331:0000061,CO_331:0000061,Storage root flesh secondary color,,1,CO_331:0000179
Sweet Potato,CO_331,CO_331:0000064,CO_331:0000064,Storage root flesh distribution of secondary color,,1,CO_331:0000180
Sweet Potato,CO_331,CO_331:0000067,CO_331:0000067,Storage root primary shape,,2,CO_331:0000181; CO_331:0000774
Sweet Potato,CO_331,CO_331:0000070,CO_331:0000070,Storage root latex production,,1,CO_331:0000182
Sweet Potato,CO_331,CO_331:0000073,CO_331:0000073,Storage root oxidation,,1,CO_331:0000183
Sweet Potato,CO_331,CO_331:0000076,CO_331:0000076,Storage root size,,1,CO_331:0000184
Sweet Potato,CO_331,CO_331:0000189,CO_331:0000189,Number of plants established,,1,CO_331:0000192
Sweet Potato,CO_331,CO_331:0000094,CO_331:0000094,Virus symptoms,,1,CO_331:0000193
Sweet Potato,CO_331,CO_331:0000194,CO_331:0000194,Vine vigor,,1,CO_331:0000197
Sweet Potato,CO_331,CO_331:0000091,CO_331:0000091,Reaction to Alternaria spp,,1,CO_331:0000198
Sweet Potato,CO_331,CO_331:0000199,CO_331:0000199,Storage root appearance,,2,CO_331:0000202; CO_331:0000793
Sweet Potato,CO_331,CO_331:0000203,CO_331:0000203,Storage root damage,,1,CO_331:0000206
Sweet Potato,CO_331,CO_331:0000088,CO_331:0000088,Reaction to sweet potato weevil,,1,CO_331:0000207
Sweet Potato,CO_331,CO_331:0000208,CO_331:0000208,Number of plants with storage roots,,1,CO_331:0000211
Sweet Potato,CO_331,CO_331:0000212,CO_331:0000212,Number of commercial storage roots,,3,CO_331:0000214; CO_331:0000993; CO_331:2000036
Sweet Potato,CO_331,CO_331:0000215,CO_331:0000215,Number of non-commercial storage roots,,1,CO_331:0000217
Sweet Potato,CO_331,CO_331:0000218,CO_331:0000218,Weight of commercial storage roots,,1,CO_331:0000220
Sweet Potato,CO_331,CO_331:0000221,CO_331:0000221,Weight of non-commercial storage roots,,1,CO_331:0000223
Sweet Potato,CO_331,CO_331:0000224,CO_331:0000224,Vine weight,,3,CO_331:0000227; CO_331:0000990; CO_331:0000991
Sweet Potato,CO_331,CO_331:0000079,CO_331:0000079,Number of storage roots,,3,CO_331:0000230; CO_331:0000233; CO_331:0000994
Sweet Potato,CO_331,CO_331:0000234,CO_331:0000234,Total storage root weight,,1,CO_331:0000237
Sweet Potato,CO_331,CO_331:0000097,CO_331:0000097,Storage root cracking,,1,CO_331:0000239
Sweet Potato,CO_331,CO_331:0000240,CO_331:0000240,Fresh weight of the storage root,,1,CO_331:0000243
Sweet Potato,CO_331,CO_331:0000244,CO_331:0000244,Dry weight of the storage root,,1,CO_331:0000247
Sweet Potato,CO_331,CO_331:0000248,CO_331:0000248,Fresh weight of vines,,1,CO_331:0000251
Sweet Potato,CO_331,CO_331:0000252,CO_331:0000252,Dry weight of vines,,1,CO_331:0000255
Sweet Potato,CO_331,CO_331:0000256,CO_331:0000256,Boiled storage root fiber content,,1,CO_331:0000259
Sweet Potato,CO_331,CO_331:0000130,CO_331:0000130,Storage root fiber content,,2,CO_331:0000260; CO_331:0001038
Sweet Potato,CO_331,CO_331:0000139,CO_331:0000139,Boiled storage root flesh sweetness,,1,CO_331:0000261
Sweet Potato,CO_331,CO_331:0000136,CO_331:0000136,Storage root flesh texture,,2,CO_331:0000263; CO_331:0000265
Sweet Potato,CO_331,CO_331:0000266,CO_331:0000266,Boiled storage root flesh taste,,1,CO_331:0000269
Sweet Potato,CO_331,CO_331:0000270,CO_331:0000270,Boiled storage root appearance,,1,CO_331:0000273
Sweet Potato,CO_331,CO_331:0000274,CO_331:0000274,Sprouting ability,,1,CO_331:0000277
Sweet Potato,CO_331,CO_331:0000100,CO_331:0000100,Storage root protein content in dry weight basis,,2,CO_331:0000278; CO_331:0001009
Sweet Potato,CO_331,CO_331:0002079,CO_331:0002079,Storage root iron concentration in fresh weight basis,,2,CO_331:0000279; CO_331:0001036
Sweet Potato,CO_331,CO_331:0002054,CO_331:0002054,Storage root zinc concentration in fresh weight basis,,2,CO_331:0000280; CO_331:0001037
Sweet Potato,CO_331,CO_331:0002053,CO_331:0002053,Storage root calcium concentration in fresh weight basis,,2,CO_331:0000284; CO_331:0001039
Sweet Potato,CO_331,CO_331:0002057,CO_331:0002057,Storage root magnesium concentration in fresh weight basis,,2,CO_331:0000288; CO_331:0001040
Sweet Potato,CO_331,CO_331:0002051,CO_331:0002051,Storage root beta-carotene concentration in dry weight basis,,3,CO_331:0000289; CO_331:0001018; CO_331:0001019
Sweet Potato,CO_331,CO_331:0002052,CO_331:0002052,Storage root total carotenoid concentration in dry weight basis,,3,CO_331:0000290; CO_331:0001024; CO_331:0001025
Sweet Potato,CO_331,CO_331:0000115,CO_331:0000115,Storage root starch content in dry weight basis,,2,CO_331:0000291; CO_331:2000027
Sweet Potato,CO_331,CO_331:0000118,CO_331:0000118,Storage root fructose content,,2,CO_331:0000292; CO_331:2000031
Sweet Potato,CO_331,CO_331:0000121,CO_331:0000121,Storage root glucose content,,2,CO_331:0000293; CO_331:2000030
Sweet Potato,CO_331,CO_331:0000124,CO_331:0000124,Storage root sucrose content,,2,CO_331:0000294; CO_331:2000028
Sweet Potato,CO_331,CO_331:0000127,CO_331:0000127,Storage root maltose content,,2,CO_331:0000295; CO_331:2000029
Sweet Potato,CO_331,CO_331:0000082,CO_331:0000082,Total storage roots yield,,1,CO_331:0000296
Sweet Potato,CO_331,CO_331:0000142,CO_331:0000142,Storage root dry matter content,,1,CO_331:0000297
Sweet Potato,CO_331,CO_331:0000298,CO_331:0000298,Survival index,,1,CO_331:0000301
Sweet Potato,CO_331,CO_331:0000085,CO_331:0000085,Harvest index,,1,CO_331:0000302
Sweet Potato,CO_331,CO_331:0002056,CO_331:0002056,Overall disease symptoms of the storage root,,1,CO_331:0000600
Sweet Potato,CO_331,CO_331:0000601,CO_331:0000601,Weight of total storage roots,,1,CO_331:0000609
Sweet Potato,CO_331,CO_331:0000602,CO_331:0000602,Weight of canner storage roots,,1,CO_331:0000610
Sweet Potato,CO_331,CO_331:0000603,CO_331:0000603,Weight of jumbo storage roots,,1,CO_331:0000611
Sweet Potato,CO_331,CO_331:0000604,CO_331:0000604,Weight of cull storage roots,,1,CO_331:0000612
Sweet Potato,CO_331,CO_331:0000605,CO_331:0000605,Weight of 90 count US no. 1 storage roots,,1,CO_331:0000613
Sweet Potato,CO_331,CO_331:0000606,CO_331:0000606,Weight of 55 count US no. 1 storage roots,,1,CO_331:0000614
Sweet Potato,CO_331,CO_331:0000607,CO_331:0000607,Weight of 40 count US no. 1 storage roots,,1,CO_331:0000615
Sweet Potato,CO_331,CO_331:0000608,CO_331:0000608,Weight of 32 count US no. 1 storage roots,,1,CO_331:0000616
Sweet Potato,CO_331,CO_331:0000303,CO_331:0000303,Number of plants planted,,1,CO_331:0000678
Sweet Potato,CO_331,CO_331:0000304,CO_331:0000304,Number of plants harvested,,1,CO_331:0000679
Sweet Potato,CO_331,CO_331:0000308,CO_331:0000308,Average commercial storage root weight,,1,CO_331:0000680
Sweet Potato,CO_331,CO_331:0000309,CO_331:0000309,Storage roots yield,,2,CO_331:0000681; CO_331:0000989
Sweet Potato,CO_331,CO_331:0000310,CO_331:0000310,Proportion of commercial storage roots,,1,CO_331:0000682
Sweet Potato,CO_331,CO_331:0000311,CO_331:0000311,Biomass yield,,2,CO_331:0000683; CO_331:0001003
Sweet Potato,CO_331,CO_331:0000312,CO_331:0000312,Total foliage yield,,1,CO_331:0000684
Sweet Potato,CO_331,CO_331:0000103,CO_331:0000103,Storage root iron concentration in dry weight basis,,2,CO_331:0000685; CO_331:0001016
Sweet Potato,CO_331,CO_331:0000106,CO_331:0000106,Storage root zinc concentration in dry weight basis,,2,CO_331:0000686; CO_331:0001017
Sweet Potato,CO_331,CO_331:0000281,CO_331:0000281,Storage root calcium concentration in dry weight basis,,2,CO_331:0000687; CO_331:0001029
Sweet Potato,CO_331,CO_331:0000285,CO_331:0000285,Storage root magnesium concentration in dry weight basis,,2,CO_331:0000688; CO_331:0001030
Sweet Potato,CO_331,CO_331:0000133,CO_331:0000133,Flesh color of boiled storage roots,,1,CO_331:0000689
Sweet Potato,CO_331,CO_331:0000423,CO_331:0000423,Storage root surface primary defects,,2,CO_331:0000690; CO_331:0000790
Sweet Potato,CO_331,CO_331:0000327,CO_331:0000327,Storage root Cortex Thickness,,1,CO_331:0000691
Sweet Potato,CO_331,CO_331:0000328,CO_331:0000328,Flowering habit,,1,CO_331:0000692
Sweet Potato,CO_331,CO_331:0000329,CO_331:0000329,Flower size,,1,CO_331:0000693
Sweet Potato,CO_331,CO_331:0000330,CO_331:0000330,Flower limb shape,,1,CO_331:0000694
Sweet Potato,CO_331,CO_331:0000331,CO_331:0000331,Equality of sepal length,,1,CO_331:0000695
Sweet Potato,CO_331,CO_331:0000332,CO_331:0000332,Number of sepal veins,,1,CO_331:0000696
Sweet Potato,CO_331,CO_331:0000333,CO_331:0000333,Sepal shape,,1,CO_331:0000697
Sweet Potato,CO_331,CO_331:0000334,CO_331:0000334,Sepal apex shape,,1,CO_331:0000698
Sweet Potato,CO_331,CO_331:0000335,CO_331:0000335,Sepal pubescence,,1,CO_331:0000699
Sweet Potato,CO_331,CO_331:0000336,CO_331:0000336,Sepal color,,1,CO_331:0000700
Sweet Potato,CO_331,CO_331:0000337,CO_331:0000337,Stigma color,,1,CO_331:0000701
Sweet Potato,CO_331,CO_331:0000338,CO_331:0000338,Style color,,1,CO_331:0000702
Sweet Potato,CO_331,CO_331:0000339,CO_331:0000339,Stigma exertion,,1,CO_331:0000703
Sweet Potato,CO_331,CO_331:0000340,CO_331:0000340,Seed capsule set,,1,CO_331:0000704
Sweet Potato,CO_331,CO_331:0000341,CO_331:0000341,Storage root formation,,1,CO_331:0000705
Sweet Potato,CO_331,CO_331:0000409,CO_331:0000409,Storage root shape uniformity,,2,CO_331:0000707; CO_331:0000776
Sweet Potato,CO_331,CO_331:0000344,CO_331:0000344,Storage root size variability,,1,CO_331:0000708
Sweet Potato,CO_331,CO_331:0000345,CO_331:0000345,Stored storage root keeping quality,,1,CO_331:0000709
Sweet Potato,CO_331,CO_331:0000346,CO_331:0000346,Boiled storage root consistency,,1,CO_331:0000710
Sweet Potato,CO_331,CO_331:0000347,CO_331:0000347,Boiled storage root undesirable color,,1,CO_331:0000711
Sweet Potato,CO_331,CO_331:0000348,CO_331:0000348,Reaction to drought,,1,CO_331:0000712
Sweet Potato,CO_331,CO_331:0000349,CO_331:0000349,Reaction to flooding,,1,CO_331:0000713
Sweet Potato,CO_331,CO_331:0000350,CO_331:0000350,Reaction to heat,,1,CO_331:0000714
Sweet Potato,CO_331,CO_331:0000351,CO_331:0000351,Reaction to salinity,,1,CO_331:0000715
Sweet Potato,CO_331,CO_331:0000352,CO_331:0000352,Reaction to shade,,1,CO_331:0000716
Sweet Potato,CO_331,CO_331:0000353,CO_331:0000353,Reaction to acidic pH soil,,1,CO_331:0000717
Sweet Potato,CO_331,CO_331:0000354,CO_331:0000354,Reaction to high soil temperature,,1,CO_331:0000718
Sweet Potato,CO_331,CO_331:0000355,CO_331:0000355,Reaction to West Indian sweet potato weevil,,1,CO_331:0000719
Sweet Potato,CO_331,CO_331:0000356,CO_331:0000356,Reaction to Striped sweet potato weevil,,1,CO_331:0000720
Sweet Potato,CO_331,CO_331:0000357,CO_331:0000357,Reaction to Sweet potato wire worms,,1,CO_331:0000721
Sweet Potato,CO_331,CO_331:0000358,CO_331:0000358,Reaction to Wire worms,,1,CO_331:0000722
Sweet Potato,CO_331,CO_331:0000359,CO_331:0000359,Reaction to Sweet potato flea beetles,,1,CO_331:0000723
Sweet Potato,CO_331,CO_331:0000360,CO_331:0000360,Reaction to flea beetles,,1,CO_331:0000724
Sweet Potato,CO_331,CO_331:0000361,CO_331:0000361,Reaction to Sweet potato leaf beetles,,1,CO_331:0000725
Sweet Potato,CO_331,CO_331:0000362,CO_331:0000362,Reaction to Beetles,,1,CO_331:0000726
Sweet Potato,CO_331,CO_331:0000363,CO_331:0000363,Reaction to Grubworm,,1,CO_331:0000727
Sweet Potato,CO_331,CO_331:0000364,CO_331:0000364,Reaction to Hornworm,,1,CO_331:0000728
Sweet Potato,CO_331,CO_331:0000365,CO_331:0000365,Reaction to Aphids,,1,CO_331:0000729
Sweet Potato,CO_331,CO_331:0000366,CO_331:0000366,Reaction to Sweet potato whitefly,,1,CO_331:0000730
Sweet Potato,CO_331,CO_331:0000367,CO_331:0000367,Reaction to Sweet potato moth,,1,CO_331:0000731
Sweet Potato,CO_331,CO_331:0000368,CO_331:0000368,Reaction to Moth,,1,CO_331:0000732
Sweet Potato,CO_331,CO_331:0000369,CO_331:0000369,Reaction to Sweet potato stem borer,,1,CO_331:0000733
Sweet Potato,CO_331,CO_331:0000370,CO_331:0000370,Reaction to Other insects,,1,CO_331:0000734
Sweet Potato,CO_331,CO_331:0000371,CO_331:0000371,Reaction to Reniform nematode,,1,CO_331:0000735
Sweet Potato,CO_331,CO_331:0000372,CO_331:0000372,Reaction to Sting nematode,,1,CO_331:0000736
Sweet Potato,CO_331,CO_331:0000373,CO_331:0000373,Reaction to Brown ring rot,,1,CO_331:0000737
Sweet Potato,CO_331,CO_331:0000374,CO_331:0000374,Reaction to Root lesion nematode,,1,CO_331:0000738
Sweet Potato,CO_331,CO_331:0000375,CO_331:0000375,Reaction to other nematodes,,1,CO_331:0000739
Sweet Potato,CO_331,CO_331:0000376,CO_331:0000376,Reaction to Wilt rot,,1,CO_331:0000740
Sweet Potato,CO_331,CO_331:0000377,CO_331:0000377,Reaction to Fusarium surface rot,,1,CO_331:0000741
Sweet Potato,CO_331,CO_331:0000378,CO_331:0000378,Reaction to Fusarium root rot,,1,CO_331:0000742
Sweet Potato,CO_331,CO_331:0000379,CO_331:0000379,Reaction to Sclerotial blight and circular spot,,1,CO_331:0000743
Sweet Potato,CO_331,CO_331:0000380,CO_331:0000380,Reaction to Black rot,,1,CO_331:0000744
Sweet Potato,CO_331,CO_331:0000381,CO_331:0000381,Reaction to Scurf,,1,CO_331:0000745
Sweet Potato,CO_331,CO_331:0000382,CO_331:0000382,Reaction to Soft rot,,1,CO_331:0000746
Sweet Potato,CO_331,CO_331:0000383,CO_331:0000383,Reaction to Java black rot,,1,CO_331:0000747
Sweet Potato,CO_331,CO_331:0000384,CO_331:0000384,Reaction to Diaporthe dry rot,,1,CO_331:0000748
Sweet Potato,CO_331,CO_331:0000385,CO_331:0000385,Reaction to Scab,,1,CO_331:0000749
Sweet Potato,CO_331,CO_331:0000386,CO_331:0000386,Reaction to Leaf spot,,1,CO_331:0000750
Sweet Potato,CO_331,CO_331:0000387,CO_331:0000387,Reaction to White rust,,1,CO_331:0000751
Sweet Potato,CO_331,CO_331:0000388,CO_331:0000388,Reaction to Foot rot,,1,CO_331:0000752
Sweet Potato,CO_331,CO_331:0000389,CO_331:0000389,Reaction to Charcoal rot,,1,CO_331:0000753
Sweet Potato,CO_331,CO_331:0000390,CO_331:0000390,Reaction to Other fungi,,1,CO_331:0000754
Sweet Potato,CO_331,CO_331:0000391,CO_331:0000391,Reaction to Pox or soil rot,,1,CO_331:0000755
Sweet Potato,CO_331,CO_331:0000392,CO_331:0000392,Reaction to Bacterial stem and root rot,,1,CO_331:0000756
Sweet Potato,CO_331,CO_331:0000393,CO_331:0000393,Reaction to Bacterial wilt,,1,CO_331:0000757
Sweet Potato,CO_331,CO_331:0000394,CO_331:0000394,Reaction to Other bacteria,,1,CO_331:0000758
Sweet Potato,CO_331,CO_331:0000395,CO_331:0000395,Reaction to Sweet potato feathery mottle virus,,1,CO_331:0000759
Sweet Potato,CO_331,CO_331:0000396,CO_331:0000396,Reaction to Sweet potato mild mottle virus,,1,CO_331:0000760
Sweet Potato,CO_331,CO_331:0000397,CO_331:0000397,Reaction to Sweet potato vein mottle virus,,1,CO_331:0000761
Sweet Potato,CO_331,CO_331:0000398,CO_331:0000398,Reaction to Sweet potato virus disease complex,,1,CO_331:0000762
Sweet Potato,CO_331,CO_331:0000399,CO_331:0000399,Reaction to Other virus,,1,CO_331:0000763
Sweet Potato,CO_331,CO_331:0000400,CO_331:0000400,Reaction to Witches broom,,1,CO_331:0000764
Sweet Potato,CO_331,CO_331:0000401,CO_331:0000401,Reaction to Other mycoplasma,,1,CO_331:0000765
Sweet Potato,CO_331,CO_331:0000402,CO_331:0000402,Storage root total sugar content,,1,CO_331:0000766
Sweet Potato,CO_331,CO_331:0000441,CO_331:0000441,Storage root secondary shape,,1,CO_331:0000775
Sweet Potato,CO_331,CO_331:0000410,CO_331:0000410,Storage root stalk,,1,CO_331:0000777
Sweet Potato,CO_331,CO_331:0000411,CO_331:0000411,Storage root attachment ability,,1,CO_331:0000778
Sweet Potato,CO_331,CO_331:0000412,CO_331:0000412,Length to diameter ratio of storage roots,,1,CO_331:0000779
Sweet Potato,CO_331,CO_331:0000414,CO_331:0000414,Storage root skin texture,,1,CO_331:0000781
Sweet Potato,CO_331,CO_331:0000415,CO_331:0000415,Storage root Flesh Color (carotenoids),,1,CO_331:0000782
Sweet Potato,CO_331,CO_331:0000416,CO_331:0000416,Storage root Flesh Color (anthocyanins),,1,CO_331:0000783
Sweet Potato,CO_331,CO_331:0000417,CO_331:0000417,Storage root adventitious buds depth,,1,CO_331:0000784
Sweet Potato,CO_331,CO_331:0000418,CO_331:0000418,Number of lenticels,,1,CO_331:0000785
Sweet Potato,CO_331,CO_331:0000419,CO_331:0000419,Reaction to Streptomyces Soil Rot,,1,CO_331:0000786
Sweet Potato,CO_331,CO_331:0000420,CO_331:0000420,Reaction to Root Knot Nematode Meloidogyne spp,,1,CO_331:0000787
Sweet Potato,CO_331,CO_331:0000421,CO_331:0000421,Reaction to Root Knot Nematode Meloidogyne incognita,,1,CO_331:0000788
Sweet Potato,CO_331,CO_331:0000422,CO_331:0000422,Reaction to Fusarium oxysporum,,1,CO_331:0000789
Sweet Potato,CO_331,CO_331:0000424,CO_331:0000424,Relative storage root yield,,1,CO_331:0000791
Sweet Potato,CO_331,CO_331:0000425,CO_331:0000425,Storage root yield relative to check,,1,CO_331:0000792
Sweet Potato,CO_331,CO_331:0000427,CO_331:0000427,Growing season,,1,CO_331:0000794
Sweet Potato,CO_331,CO_331:0000428,CO_331:0000428,Storage root amylose concentration in dry weight basis,,1,CO_331:0000795
Sweet Potato,CO_331,CO_331:0000429,CO_331:0000429,Storage root asparagine concentration in dry weight basis,,1,CO_331:0000796
Sweet Potato,CO_331,CO_331:0000430,CO_331:0000430,Storage root cyanidin concentration in dry weight basis,,1,CO_331:0000797
Sweet Potato,CO_331,CO_331:0000431,CO_331:0000431,Storage root total monomeric anthocyanin concentration in dry weight basis,,1,CO_331:0000798
Sweet Potato,CO_331,CO_331:0000432,CO_331:0000432,Storage root peonidin concentration in dry weight basis,,1,CO_331:0000799
Sweet Potato,CO_331,CO_331:0000433,CO_331:0000433,Storage root anthocyanin concentration in dry weight basis,,1,CO_331:0000800
Sweet Potato,CO_331,CO_331:0000434,CO_331:0000434,Storage root phenol concentration in dry weight basis,,1,CO_331:0000801
Sweet Potato,CO_331,CO_331:0000435,CO_331:0000435,Node number per vine,,1,CO_331:0000802
Sweet Potato,CO_331,CO_331:0000436,CO_331:0000436,Leaf number per plant,,1,CO_331:0000803
Sweet Potato,CO_331,CO_331:0000438,CO_331:0000438,Millipede damage,,1,CO_331:0000805
Sweet Potato,CO_331,CO_331:0000439,CO_331:0000439,Alcidodes sp. damage,,1,CO_331:0000806
Sweet Potato,CO_331,CO_331:0000440,CO_331:0000440,Soil insect damage,,1,CO_331:0000807
Sweet Potato,CO_331,CO_331:0000307,CO_331:0000307,Commercial storage root yield,,1,CO_331:0000809
Sweet Potato,CO_331,CO_331:0000811,CO_331:0000811,Storage root surface secondary defects,,1,CO_331:0000810
Sweet Potato,CO_331,CO_331:0001068,CO_331:0001068,Storage root fructose content in fresh weight basis,,2,CO_331:0000979; CO_331:0000980
